z,a,m,e,half_life
0,1, ,nn,614.6
1,1, ,H,0.0
1,2, ,H,0.0
1,3, ,H,3.8910502e8
1,4, ,H,1.3899999e-22
1,5, ,H,9.100001e-22
1,6, ,H,2.9e-22
1,7, ,H,2.3e-23
2,3, ,He,0.0
2,4, ,He,0.0
2,5, ,He,7.0e-22
2,6, ,He,0.80810004
2,7, ,He,2.9000001e-21
2,8, ,He,0.122
2,9, ,He,7.0e-21
2,10, ,He,2.7000001e-21
3,4, ,Li,9.1e-23
3,5, ,Li,3.7e-22
3,6, ,Li,0.0
3,7, ,Li,0.0
3,8, ,Li,0.838
3,9, ,Li,0.1783
3,10, ,Li,2.0e-21
3,11, ,Li,0.00875
3,12, ,Li,1.0e-8
4,5, ,Be,1.0e-9
4,6, ,Be,5.0e-21
4,7, ,Be,4.59821e6
4,8, ,Be,7.0e-17
4,9, ,Be,0.0
4,10, ,Be,5.04922e13
4,11, ,Be,13.81
4,12, ,Be,0.021300001
4,13, ,Be,5.0e-10
4,14, ,Be,0.00435
4,15, ,Be,2.0e-7
4,16, ,Be,2.0e-7
5,6, ,B,1.0e-9
5,7, ,B,3.5e-22
5,8, ,B,0.77
5,9, ,B,8.0e-19
5,10, ,B,0.0
5,11, ,B,0.0
5,12, ,B,0.0202
5,13, ,B,0.01733
5,14, ,B,0.0125
5,15, ,B,0.00987
5,16, ,B,1.9e-10
5,17, ,B,0.00508
5,18, ,B,2.5999999e-8
5,19, ,B,0.00292
6,8, ,C,2.0e-21
6,9, ,C,0.1265
6,10, ,C,19.29
6,11, ,C,1221.66
6,12, ,C,0.0
6,13, ,C,0.0
6,14, ,C,1.79874e11
6,15, ,C,2.449
6,16, ,C,0.747
6,17, ,C,0.19299999
6,18, ,C,0.092
6,19, ,C,0.0462
6,20, ,C,0.016
6,21, ,C,3.0e-8
6,22, ,C,0.0061999997
7,10, ,N,2.0e-22
7,11, ,N,5.9e-22
7,12, ,N,0.011
7,13, ,N,598.01996
7,14, ,N,0.0
7,15, ,N,0.0
7,16, ,N,7.13
7,17, ,N,4.17
7,18, ,N,0.622
7,19, ,N,0.271
7,20, ,N,0.13
7,21, ,N,0.087
7,22, ,N,0.0139
7,23, ,N,0.0145000005
7,24, ,N,5.1999997e-8
7,25, ,N,2.5999998e-7
8,12, ,O,5.8e-22
8,13, ,O,0.00858
8,14, ,O,70.605995
8,15, ,O,122.46
8,16, ,O,0.0
8,17, ,O,0.0
8,18, ,O,0.0
8,19, ,O,26.91
8,20, ,O,13.509999
8,21, ,O,3.42
8,22, ,O,2.25
8,23, ,O,0.09
8,24, ,O,0.065
8,25, ,O,5.0e-8
8,26, ,O,4.0e-8
8,27, ,O,2.5999998e-7
8,28, ,O,1.0e-7
9,14, ,F,1.0e-9
9,15, ,F,4.1e-22
9,16, ,F,1.10000005e-20
9,17, ,F,64.49
9,18, ,F,6584.04
9,19, ,F,0.0
9,20, ,F,11.030001
9,21, ,F,4.158
9,22, ,F,4.23
9,23, ,F,2.23
9,24, ,F,0.4
9,25, ,F,0.05
9,26, ,F,0.010199999
9,27, ,F,0.0049
9,28, ,F,4.0e-8
9,29, ,F,0.0026
9,30, ,F,2.5999998e-7
9,31, ,F,0.001
10,16, ,Ne,9.0e-21
10,17, ,Ne,0.1092
10,18, ,Ne,1.672
10,19, ,Ne,17.22
10,20, ,Ne,0.0
10,21, ,Ne,0.0
10,22, ,Ne,0.0
10,23, ,Ne,37.2
10,24, ,Ne,202.80002
10,25, ,Ne,0.602
10,26, ,Ne,0.197
10,27, ,Ne,0.032
10,28, ,Ne,0.0183
10,29, ,Ne,0.0156
10,30, ,Ne,0.0058000004
10,31, ,Ne,0.0034
10,32, ,Ne,0.0035
10,33, ,Ne,2.5999998e-7
10,34, ,Ne,0.001
11,18, ,Na,1.3e-21
11,19, ,Na,4.0e-8
11,20, ,Na,0.4479
11,21, ,Na,22.490002
11,22, ,Na,8.21395e7
11,23, ,Na,0.0
11,24, ,Na,53848.8
11,24,M,Na,0.0202
11,25, ,Na,59.6
11,26, ,Na,1.08
11,27, ,Na,0.301
11,28, ,Na,0.0305
11,29, ,Na,0.044899996
11,30, ,Na,0.0484
11,31, ,Na,0.017
11,32, ,Na,0.0128999995
11,33, ,Na,0.0082
11,34, ,Na,0.0055
11,35, ,Na,0.0015
11,36, ,Na,2.5999998e-7
11,37, ,Na,0.001
12,20, ,Mg,0.09
12,21, ,Mg,0.122
12,22, ,Mg,3.8755
12,23, ,Mg,11.317
12,24, ,Mg,0.0
12,25, ,Mg,0.0
12,26, ,Mg,0.0
12,27, ,Mg,567.48
12,28, ,Mg,75240.0
12,29, ,Mg,1.3
12,30, ,Mg,0.33499998
12,31, ,Mg,0.22999999
12,32, ,Mg,0.095
12,33, ,Mg,0.090500005
12,34, ,Mg,0.02
12,35, ,Mg,0.07
12,36, ,Mg,0.005
12,37, ,Mg,0.04
12,38, ,Mg,0.001
12,39, ,Mg,2.5999998e-7
12,40, ,Mg,0.001
13,21, ,Al,3.5e-8
13,22, ,Al,0.059
13,23, ,Al,0.46999997
13,24, ,Al,2.053
13,24,M,Al,0.1313
13,25, ,Al,7.183
13,26, ,Al,2.26263e13
13,26,M,Al,6.345
13,27, ,Al,0.0
13,28, ,Al,134.45999
13,29, ,Al,393.6
13,30, ,Al,3.65
13,31, ,Al,0.644
13,32, ,Al,0.033
13,33, ,Al,0.0417
13,34, ,Al,0.0563
13,35, ,Al,0.038599998
13,36, ,Al,0.09
13,37, ,Al,0.02
13,38, ,Al,0.04
13,39, ,Al,0.01
13,40, ,Al,0.01
13,41, ,Al,0.002
13,42, ,Al,0.001
14,22, ,Si,0.029000001
14,23, ,Si,4.23e-8
14,24, ,Si,0.14
14,25, ,Si,0.22
14,26, ,Si,2.234
14,27, ,Si,4.16
14,28, ,Si,0.0
14,29, ,Si,0.0
14,30, ,Si,0.0
14,31, ,Si,9432.0
14,32, ,Si,1.0413999e10
14,33, ,Si,6.18
14,34, ,Si,2.77
14,35, ,Si,0.78000003
14,36, ,Si,0.45
14,37, ,Si,0.09
14,38, ,Si,0.09
14,39, ,Si,0.09
14,40, ,Si,0.033
14,41, ,Si,0.03
14,42, ,Si,0.005
14,43, ,Si,0.015
14,44, ,Si,0.01
15,24, ,P,1.0e-9
15,25, ,P,3.0e-8
15,26, ,P,0.03
15,27, ,P,0.26
15,28, ,P,0.2703
15,29, ,P,4.142
15,30, ,P,149.88
15,31, ,P,0.0
15,32, ,P,1.23293e6
15,33, ,P,2.19309e6
15,34, ,P,12.4
15,35, ,P,47.3
15,36, ,P,5.6
15,37, ,P,2.31
15,38, ,P,0.64
15,39, ,P,0.19
15,40, ,P,0.15
15,41, ,P,0.15
15,42, ,P,0.120000005
15,43, ,P,0.033
15,44, ,P,0.03
15,45, ,P,0.008
15,46, ,P,0.004
16,26, ,S,0.01
16,27, ,S,0.021
16,28, ,S,0.125
16,29, ,S,0.187
16,30, ,S,1.178
16,31, ,S,2.5534
16,32, ,S,0.0
16,33, ,S,0.0
16,34, ,S,0.0
16,35, ,S,7.5384e6
16,36, ,S,0.0
16,37, ,S,299.4
16,38, ,S,10218.0
16,39, ,S,11.5
16,40, ,S,8.8
16,41, ,S,1.99
16,42, ,S,0.001013
16,43, ,S,0.26
16,44, ,S,0.123
16,45, ,S,0.081999995
16,46, ,S,0.03
16,47, ,S,0.02
16,48, ,S,0.01
16,49, ,S,2.0e-7
17,28, ,Cl,1.0e-9
17,29, ,Cl,2.0e-8
17,30, ,Cl,3.0e-8
17,31, ,Cl,0.15
17,32, ,Cl,0.298
17,33, ,Cl,2.511
17,34, ,Cl,1.526
17,34,M,Cl,1926.0
17,35, ,Cl,0.0
17,36, ,Cl,9.530191e12
17,37, ,Cl,0.0
17,38, ,Cl,2232.0
17,38,M,Cl,0.71500003
17,39, ,Cl,3336.0
17,40, ,Cl,81.0
17,41, ,Cl,38.399998
17,42, ,Cl,6.8
17,43, ,Cl,3.07
17,44, ,Cl,0.56
17,45, ,Cl,0.4
17,46, ,Cl,0.22
17,47, ,Cl,0.2
17,48, ,Cl,0.1
17,49, ,Cl,0.05
17,50, ,Cl,0.02
17,51, ,Cl,0.002
18,30, ,Ar,2.0e-8
18,31, ,Ar,0.014400001
18,32, ,Ar,0.098000005
18,33, ,Ar,0.17300001
18,34, ,Ar,0.84379995
18,35, ,Ar,1.7756
18,36, ,Ar,0.0
18,37, ,Ar,3.02486e6
18,38, ,Ar,0.0
18,39, ,Ar,8.4889897e9
18,40, ,Ar,0.0
18,41, ,Ar,6576.48
18,42, ,Ar,1.04139994e9
18,43, ,Ar,322.19998
18,44, ,Ar,712.2
18,45, ,Ar,21.48
18,46, ,Ar,8.4
18,47, ,Ar,0.58000004
18,48, ,Ar,0.5
18,49, ,Ar,0.17
18,50, ,Ar,0.085
18,51, ,Ar,0.06
18,52, ,Ar,0.01
18,53, ,Ar,0.003
19,32, ,K,1.0e-9
19,33, ,K,2.5e-8
19,34, ,K,4.0e-8
19,35, ,K,0.178
19,36, ,K,0.342
19,37, ,K,1.225
19,38, ,K,456.6
19,38,M,K,0.92399997
19,39, ,K,0.0
19,40, ,K,3.94588e16
19,41, ,K,0.0
19,42, ,K,44492.402
19,43, ,K,79920.0
19,44, ,K,1327.8
19,45, ,K,1068.6001
19,46, ,K,104.99999
19,47, ,K,17.5
19,48, ,K,6.8
19,49, ,K,1.26
19,50, ,K,0.47199997
19,51, ,K,0.365
19,52, ,K,0.105
19,53, ,K,0.03
19,54, ,K,0.01
19,55, ,K,0.003
20,34, ,Ca,3.5e-8
20,35, ,Ca,0.0257
20,36, ,Ca,0.102
20,37, ,Ca,0.1811
20,38, ,Ca,0.44
20,39, ,Ca,0.85959995
20,40, ,Ca,0.0
20,41, ,Ca,3.162e12
20,42, ,Ca,0.0
20,43, ,Ca,0.0
20,44, ,Ca,0.0
20,45, ,Ca,1.40521e7
20,46, ,Ca,0.0
20,47, ,Ca,392083.0
20,48, ,Ca,1.6725499e27
20,49, ,Ca,523.2
20,50, ,Ca,13.9
20,51, ,Ca,10.0
20,52, ,Ca,4.6
20,53, ,Ca,0.09
20,54, ,Ca,0.05
20,55, ,Ca,0.03
20,56, ,Ca,0.01
20,57, ,Ca,0.005
21,36, ,Sc,1.0e-9
21,37, ,Sc,1.0e-9
21,38, ,Sc,3.0e-7
21,39, ,Sc,3.0e-7
21,40, ,Sc,0.1823
21,41, ,Sc,0.5963
21,42, ,Sc,0.6808
21,42,M,Sc,62.0
21,43, ,Sc,14007.601
21,44, ,Sc,14292.001
21,44,M,Sc,210960.0
21,45, ,Sc,0.0
21,45,M,Sc,0.325
21,46, ,Sc,7.2392e6
21,46,M,Sc,18.7
21,47, ,Sc,289310.0
21,48, ,Sc,157212.0
21,49, ,Sc,3432.0
21,50, ,Sc,102.5
21,50,M,Sc,0.35
21,51, ,Sc,12.4
21,52, ,Sc,8.2
21,53, ,Sc,3.0
21,54, ,Sc,0.26
21,55, ,Sc,0.120000005
21,56, ,Sc,0.08
21,57, ,Sc,0.012999999
21,58, ,Sc,0.012
21,59, ,Sc,0.01
21,60, ,Sc,0.003
22,38, ,Ti,1.2000001e-7
22,39, ,Ti,0.031
22,40, ,Ti,0.0533
22,41, ,Ti,0.0809
22,42, ,Ti,0.199
22,43, ,Ti,0.509
22,44, ,Ti,1.89342e9
22,45, ,Ti,11088.001
22,46, ,Ti,0.0
22,47, ,Ti,0.0
22,48, ,Ti,0.0
22,49, ,Ti,0.0
22,50, ,Ti,0.0
22,51, ,Ti,348.0
22,52, ,Ti,102.0
22,53, ,Ti,32.7
22,54, ,Ti,1.5
22,55, ,Ti,0.49
22,56, ,Ti,0.164
22,57, ,Ti,0.06
22,58, ,Ti,0.054
22,59, ,Ti,0.03
22,60, ,Ti,0.022
22,61, ,Ti,0.01
22,62, ,Ti,0.01
22,63, ,Ti,0.003
23,40, ,V,1.0e-9
23,41, ,V,1.0e-9
23,42, ,V,5.5e-8
23,43, ,V,0.08
23,44, ,V,0.111
23,44,M,V,0.15
23,45, ,V,0.547
23,46, ,V,0.42249998
23,46,M,V,0.00102
23,47, ,V,1956.0
23,48, ,V,1.38015e6
23,49, ,V,2.8512002e7
23,50, ,V,4.41797e24
23,51, ,V,0.0
23,52, ,V,224.7
23,53, ,V,97.200005
23,54, ,V,49.8
23,55, ,V,6.54
23,56, ,V,0.216
23,57, ,V,0.35
23,58, ,V,0.191
23,59, ,V,0.075
23,60, ,V,0.122
23,61, ,V,0.047
23,62, ,V,0.0335
23,63, ,V,0.017
23,64, ,V,0.01
23,65, ,V,0.01
24,42, ,Cr,0.0139999995
24,43, ,Cr,0.0216
24,44, ,Cr,0.054
24,45, ,Cr,0.05
24,45,M,Cr,0.001
24,46, ,Cr,0.26
24,47, ,Cr,0.5
24,48, ,Cr,77616.0
24,49, ,Cr,2514.0
24,50, ,Cr,5.68037e24
24,51, ,Cr,2.39363e6
24,52, ,Cr,0.0
24,53, ,Cr,0.0
24,54, ,Cr,0.0
24,55, ,Cr,212.40001
24,56, ,Cr,356.4
24,57, ,Cr,21.099998
24,58, ,Cr,7.0
24,59, ,Cr,0.45999998
24,60, ,Cr,0.56
24,61, ,Cr,0.26099998
24,62, ,Cr,0.199
24,63, ,Cr,0.129
24,64, ,Cr,0.043
24,65, ,Cr,0.027
24,66, ,Cr,0.01
24,67, ,Cr,0.01
25,44, ,Mn,1.05e-7
25,45, ,Mn,7.0e-8
25,46, ,Mn,0.037
25,46,M,Mn,0.001
25,47, ,Mn,0.1
25,48, ,Mn,0.1581
25,49, ,Mn,0.382
25,50, ,Mn,0.28318998
25,50,M,Mn,104.99999
25,51, ,Mn,2772.0
25,52, ,Mn,483408.03
25,52,M,Mn,1272.0
25,53, ,Mn,1.16132e14
25,54, ,Mn,2.69732e7
25,55, ,Mn,0.0
25,56, ,Mn,9283.61
25,57, ,Mn,85.4
25,58, ,Mn,65.2
25,58,M,Mn,2.7
25,59, ,Mn,4.59
25,60, ,Mn,51.0
25,60,M,Mn,1.77
25,61, ,Mn,0.66999996
25,62, ,Mn,0.88
25,62,M,Mn,0.092
25,63, ,Mn,0.275
25,64, ,Mn,0.0888
25,65, ,Mn,0.092
25,66, ,Mn,0.0644
25,67, ,Mn,0.045
25,68, ,Mn,0.027999999
25,69, ,Mn,0.0139999995
26,45, ,Fe,0.0049
26,46, ,Fe,0.009
26,47, ,Fe,0.0218
26,48, ,Fe,0.044
26,49, ,Fe,0.07
26,50, ,Fe,0.155
26,51, ,Fe,0.305
26,52, ,Fe,29782.8
26,52,M,Fe,45.9
26,53, ,Fe,510.6
26,53,M,Fe,154.8
26,54, ,Fe,0.0
26,55, ,Fe,8.66869e7
26,56, ,Fe,0.0
26,57, ,Fe,0.0
26,58, ,Fe,0.0
26,59, ,Fe,3.84428e6
26,60, ,Fe,4.7336403e13
26,61, ,Fe,358.80002
26,62, ,Fe,68.0
26,63, ,Fe,6.1
26,64, ,Fe,2.0
26,65, ,Fe,1.3
26,66, ,Fe,0.44
26,67, ,Fe,0.394
26,68, ,Fe,0.187
26,69, ,Fe,0.109000005
26,70, ,Fe,0.094
26,71, ,Fe,0.03
26,72, ,Fe,0.01
27,47, ,Co,1.0e-9
27,48, ,Co,1.0e-9
27,49, ,Co,3.5e-8
27,50, ,Co,0.044
27,51, ,Co,0.06
27,52, ,Co,0.114999995
27,52,M,Co,0.103999995
27,53, ,Co,0.24000001
27,53,M,Co,0.24700001
27,54, ,Co,0.19328001
27,54,M,Co,88.8
27,55, ,Co,63108.0
27,56, ,Co,6.67319e6
27,57, ,Co,2.34835e7
27,58, ,Co,6.12144e6
27,58,M,Co,32760.0
27,59, ,Co,0.0
27,60, ,Co,1.6634e8
27,60,M,Co,628.02
27,61, ,Co,5940.0
27,62, ,Co,92.399994
27,62,M,Co,834.6
27,63, ,Co,27.4
27,64, ,Co,0.3
27,65, ,Co,1.2
27,66, ,Co,0.2
27,67, ,Co,0.425
27,68, ,Co,0.2
27,68,M,Co,1.6
27,69, ,Co,0.227
27,70, ,Co,0.119
27,70,M,Co,0.5
27,71, ,Co,0.096999995
27,72, ,Co,0.09
27,73, ,Co,0.08
27,74, ,Co,0.05
27,75, ,Co,0.04
28,48, ,Ni,0.01
28,49, ,Ni,0.012999999
28,50, ,Ni,0.0091
28,51, ,Ni,0.03
28,52, ,Ni,0.038
28,53, ,Ni,0.045
28,54, ,Ni,0.103999995
28,55, ,Ni,0.2047
28,56, ,Ni,524880.0
28,57, ,Ni,129253.99
28,58, ,Ni,2.20903e28
28,59, ,Ni,2.39833e12
28,60, ,Ni,0.0
28,61, ,Ni,0.0
28,62, ,Ni,0.0
28,63, ,Ni,3.11467e9
28,64, ,Ni,0.0
28,65, ,Ni,9072.0
28,66, ,Ni,195840.0
28,67, ,Ni,21.0
28,68, ,Ni,29.0
28,69, ,Ni,11.4
28,69,M,Ni,3.5
28,70, ,Ni,6.0
28,71, ,Ni,2.56
28,72, ,Ni,1.57
28,73, ,Ni,0.84
28,74, ,Ni,0.68
28,75, ,Ni,0.6
28,76, ,Ni,0.46999997
28,77, ,Ni,0.3
28,78, ,Ni,0.2
29,52, ,Cu,1.0e-9
29,53, ,Cu,3.0e-7
29,54, ,Cu,7.5e-8
29,55, ,Cu,0.04
29,56, ,Cu,0.093
29,57, ,Cu,0.1963
29,58, ,Cu,3.204
29,59, ,Cu,81.5
29,60, ,Cu,1422.0
29,61, ,Cu,12117.601
29,62, ,Cu,585.0
29,63, ,Cu,0.0
29,64, ,Cu,45721.402
29,65, ,Cu,0.0
29,66, ,Cu,306.0
29,67, ,Cu,222840.0
29,68, ,Cu,31.099998
29,68,M,Cu,225.0
29,69, ,Cu,171.0
29,70, ,Cu,44.5
29,70,M,Cu,33.0
29,70,N,Cu,6.6
29,71, ,Cu,19.400002
29,72, ,Cu,6.63
29,73, ,Cu,4.2
29,74, ,Cu,1.594
29,75, ,Cu,1.224
29,76, ,Cu,0.641
29,76,M,Cu,1.27
29,77, ,Cu,0.469
29,78, ,Cu,0.342
29,79, ,Cu,0.188
29,80, ,Cu,0.1
30,54, ,Zn,1.0e-9
30,55, ,Zn,0.02
30,56, ,Zn,0.036
30,57, ,Zn,0.038
30,58, ,Zn,0.084
30,59, ,Zn,0.18200001
30,60, ,Zn,142.8
30,61, ,Zn,89.1
30,61,M,Zn,0.43
30,61,N,Zn,0.14
30,61,O,Zn,0.13
30,62, ,Zn,33094.8
30,63, ,Zn,2299.7998
30,64, ,Zn,7.25825e25
30,65, ,Zn,2.10825e7
30,66, ,Zn,0.0
30,67, ,Zn,0.0
30,68, ,Zn,0.0
30,69, ,Zn,3384.0
30,69,M,Zn,49608.0
30,70, ,Zn,0.0
30,71, ,Zn,147.0
30,71,M,Zn,14256.001
30,72, ,Zn,167400.0
30,73, ,Zn,23.5
30,73,M,Zn,13.0
30,73,N,Zn,5.8
30,74, ,Zn,95.600006
30,75, ,Zn,10.2
30,76, ,Zn,5.7
30,77, ,Zn,2.08
30,77,M,Zn,1.05
30,78, ,Zn,1.47
30,79, ,Zn,0.995
30,80, ,Zn,0.54
30,81, ,Zn,0.29000002
30,82, ,Zn,0.1
30,83, ,Zn,0.08
31,56, ,Ga,1.0e-9
31,57, ,Ga,1.0e-9
31,58, ,Ga,1.0e-9
31,59, ,Ga,1.0e-9
31,60, ,Ga,0.07
31,61, ,Ga,0.168
31,62, ,Ga,0.116120994
31,63, ,Ga,32.4
31,64, ,Ga,157.62
31,65, ,Ga,912.0
31,66, ,Ga,34164.0
31,67, ,Ga,281776.0
31,68, ,Ga,4069.7998
31,69, ,Ga,0.0
31,70, ,Ga,1268.3999
31,71, ,Ga,0.0
31,72, ,Ga,50760.004
31,72,M,Ga,0.03968
31,73, ,Ga,17496.0
31,74, ,Ga,487.2
31,74,M,Ga,9.5
31,75, ,Ga,126.0
31,76, ,Ga,32.6
31,77, ,Ga,13.0
31,78, ,Ga,5.09
31,79, ,Ga,2.847
31,80, ,Ga,1.676
31,81, ,Ga,1.217
31,82, ,Ga,0.599
31,83, ,Ga,0.308
31,84, ,Ga,0.085
31,85, ,Ga,0.05
31,86, ,Ga,0.03
32,58, ,Ge,1.0e-9
32,59, ,Ge,1.0e-9
32,60, ,Ge,0.03
32,61, ,Ge,0.039
32,62, ,Ge,0.13
32,63, ,Ge,0.14199999
32,64, ,Ge,63.699997
32,65, ,Ge,30.9
32,66, ,Ge,8135.9995
32,67, ,Ge,1134.0
32,68, ,Ge,2.34101e7
32,69, ,Ge,140580.0
32,70, ,Ge,0.0
32,71, ,Ge,987552.0
32,71,M,Ge,0.020399999
32,72, ,Ge,0.0
32,73, ,Ge,0.0
32,73,M,Ge,0.5
32,74, ,Ge,0.0
32,75, ,Ge,4966.8003
32,75,M,Ge,48.0
32,76, ,Ge,4.9861003e28
32,77, ,Ge,40359.6
32,77,M,Ge,53.699997
32,78, ,Ge,5280.0
32,79, ,Ge,18.98
32,79,M,Ge,39.0
32,80, ,Ge,29.5
32,81, ,Ge,8.0
32,81,M,Ge,7.6
32,82, ,Ge,4.55
32,83, ,Ge,1.85
32,84, ,Ge,0.954
32,85, ,Ge,0.54
32,86, ,Ge,0.3
32,87, ,Ge,0.15
32,88, ,Ge,0.08
32,89, ,Ge,0.05
33,60, ,As,1.0e-9
33,60,M,As,1.0e-9
33,61, ,As,1.0e-9
33,62, ,As,1.0e-9
33,63, ,As,1.0e-9
33,64, ,As,0.04
33,65, ,As,0.17
33,66, ,As,0.095769994
33,67, ,As,42.5
33,68, ,As,151.6
33,69, ,As,913.7999
33,70, ,As,3156.0
33,71, ,As,235080.0
33,72, ,As,93600.0
33,73, ,As,6.93792e6
33,74, ,As,1.53619e6
33,75, ,As,0.0
33,75,M,As,0.01762
33,76, ,As,94392.01
33,77, ,As,139644.0
33,78, ,As,5442.0
33,79, ,As,540.60004
33,80, ,As,15.2
33,81, ,As,33.3
33,82, ,As,19.1
33,82,M,As,13.6
33,83, ,As,13.400001
33,84, ,As,4.02
33,84,M,As,0.65
33,85, ,As,2.04
33,86, ,As,0.945
33,87, ,As,0.61
33,88, ,As,0.3
33,89, ,As,0.2
33,90, ,As,0.08
33,91, ,As,0.05
33,92, ,As,0.03
34,65, ,Se,0.05
34,66, ,Se,0.033
34,67, ,Se,0.133
34,68, ,Se,35.5
34,69, ,Se,27.4
34,70, ,Se,2466.0
34,71, ,Se,284.40002
34,72, ,Se,725760.0
34,73, ,Se,25560.0
34,73,M,Se,2388.0
34,74, ,Se,0.0
34,75, ,Se,1.03491e7
34,76, ,Se,0.0
34,77, ,Se,0.0
34,77,M,Se,17.55
34,78, ,Se,0.0
34,79, ,Se,1.1897e13
34,79,M,Se,233.99998
34,80, ,Se,0.0
34,81, ,Se,1103.4
34,81,M,Se,3436.8
34,82, ,Se,3.06102e27
34,83, ,Se,1338.0
34,83,M,Se,70.100006
34,84, ,Se,195.59999
34,85, ,Se,31.7
34,86, ,Se,15.299999
34,87, ,Se,5.5
34,88, ,Se,1.53
34,89, ,Se,0.41
34,90, ,Se,0.3
34,91, ,Se,0.27
34,92, ,Se,0.1
34,93, ,Se,0.05
34,94, ,Se,0.02
35,67, ,Br,1.0e-9
35,68, ,Br,1.5e-6
35,69, ,Br,2.4e-8
35,70, ,Br,0.0791
35,70,M,Br,2.2
35,71, ,Br,21.400002
35,72, ,Br,78.6
35,72,M,Br,10.599999
35,73, ,Br,204.0
35,74, ,Br,1524.0
35,74,M,Br,2760.0
35,75, ,Br,5802.0
35,76, ,Br,57960.0
35,76,M,Br,1.31
35,77, ,Br,205326.02
35,77,M,Br,256.80002
35,78, ,Br,387.0
35,79, ,Br,0.0
35,79,M,Br,4.864
35,80, ,Br,1056.0
35,80,M,Br,15876.0
35,81, ,Br,0.0
35,82, ,Br,127152.0
35,82,M,Br,365.4
35,83, ,Br,8640.0
35,84, ,Br,1905.6
35,84,M,Br,360.0
35,85, ,Br,174.0
35,86, ,Br,55.0
35,87, ,Br,55.7
35,88, ,Br,16.5
35,89, ,Br,4.37
35,90, ,Br,1.9
35,91, ,Br,0.538
35,92, ,Br,0.343
35,93, ,Br,0.102
35,94, ,Br,0.07
35,95, ,Br,0.05
35,96, ,Br,0.02
35,97, ,Br,0.01
36,69, ,Kr,0.032
36,70, ,Kr,0.051999997
36,71, ,Kr,0.1
36,72, ,Kr,17.16
36,73, ,Kr,27.3
36,74, ,Kr,690.0
36,75, ,Kr,276.0
36,76, ,Kr,53280.0
36,77, ,Kr,4464.0
36,78, ,Kr,3.47134e27
36,79, ,Kr,126144.0
36,79,M,Kr,50.0
36,80, ,Kr,0.0
36,81, ,Kr,6.6271e12
36,81,M,Kr,13.200001
36,82, ,Kr,0.0
36,83, ,Kr,0.0
36,83,M,Kr,6588.0
36,84, ,Kr,0.0
36,85, ,Kr,3.393e8
36,85,M,Kr,16128.0
36,86, ,Kr,0.0
36,87, ,Kr,4578.0
36,88, ,Kr,10224.0
36,89, ,Kr,189.0
36,90, ,Kr,32.32
36,91, ,Kr,8.57
36,92, ,Kr,1.84
36,93, ,Kr,1.286
36,94, ,Kr,0.21
36,95, ,Kr,0.114
36,96, ,Kr,0.08
36,97, ,Kr,0.063
36,98, ,Kr,0.046
36,99, ,Kr,0.04
36,100, ,Kr,0.01
37,71, ,Rb,1.0e-9
37,72, ,Rb,1.5e-6
37,73, ,Rb,3.0e-8
37,74, ,Rb,0.064776
37,75, ,Rb,19.0
37,76, ,Rb,36.5
37,77, ,Rb,226.79999
37,78, ,Rb,1059.6
37,78,M,Rb,344.4
37,79, ,Rb,1374.0
37,80, ,Rb,34.0
37,81, ,Rb,16473.6
37,81,M,Rb,1815.0
37,82, ,Rb,75.912
37,82,M,Rb,23299.201
37,83, ,Rb,7.44768e6
37,83,M,Rb,0.0078000003
37,84, ,Rb,2.8944e6
37,84,M,Rb,1224.0
37,85, ,Rb,0.0
37,86, ,Rb,1.6105e6
37,86,M,Rb,61.0
37,87, ,Rb,1.51789e18
37,88, ,Rb,1068.0
37,89, ,Rb,924.0
37,90, ,Rb,157.0
37,90,M,Rb,258.0
37,91, ,Rb,58.4
37,92, ,Rb,4.48
37,93, ,Rb,5.8
37,94, ,Rb,2.702
37,95, ,Rb,0.38099998
37,96, ,Rb,0.199
37,96,M,Rb,0.2
37,97, ,Rb,0.1699
37,98, ,Rb,0.114
37,98,M,Rb,0.096
37,99, ,Rb,0.050300002
37,100, ,Rb,0.051
37,101, ,Rb,0.032
37,102, ,Rb,0.037
38,73, ,Sr,0.025
38,74, ,Sr,0.05
38,75, ,Sr,0.088
38,76, ,Sr,8.9
38,77, ,Sr,9.0
38,78, ,Sr,159.0
38,79, ,Sr,135.0
38,80, ,Sr,6378.0
38,81, ,Sr,1338.0
38,82, ,Sr,2.18998e6
38,83, ,Sr,116676.0
38,83,M,Sr,4.95
38,84, ,Sr,0.0
38,85, ,Sr,5.60304e6
38,85,M,Sr,4056.6
38,86, ,Sr,0.0
38,87, ,Sr,0.0
38,87,M,Sr,10137.6
38,88, ,Sr,0.0
38,89, ,Sr,4.36925e6
38,90, ,Sr,9.0883904e8
38,91, ,Sr,34740.0
38,92, ,Sr,9756.0
38,93, ,Sr,445.38
38,94, ,Sr,75.3
38,95, ,Sr,23.900002
38,96, ,Sr,1.07
38,97, ,Sr,0.429
38,98, ,Sr,0.653
38,99, ,Sr,0.27
38,100, ,Sr,0.20199999
38,101, ,Sr,0.11799999
38,102, ,Sr,0.069
38,103, ,Sr,0.05
38,104, ,Sr,0.03
38,105, ,Sr,0.02
39,76, ,Y,5.0e-7
39,77, ,Y,0.063
39,78, ,Y,0.054
39,78,M,Y,0.0058000004
39,79, ,Y,14.8
39,80, ,Y,35.0
39,80,M,Y,4.8
39,81, ,Y,70.4
39,82, ,Y,8.3
39,83, ,Y,424.80002
39,83,M,Y,171.0
39,84, ,Y,2370.0
39,84,M,Y,4.6
39,85, ,Y,9648.0
39,85,M,Y,17496.0
39,86, ,Y,53064.0
39,86,M,Y,2880.0
39,87, ,Y,287280.0
39,87,M,Y,48132.0
39,88, ,Y,9.21283e6
39,88,M,Y,0.0139
39,89, ,Y,0.0
39,89,M,Y,15.663
39,90, ,Y,230399.98
39,90,M,Y,11483.999
39,91, ,Y,5.05526e6
39,91,M,Y,2982.5999
39,92, ,Y,12744.0
39,93, ,Y,36648.0
39,93,M,Y,0.82
39,94, ,Y,1122.0
39,95, ,Y,618.0
39,96, ,Y,5.34
39,96,M,Y,9.62
39,97, ,Y,3.75
39,97,M,Y,1.17
39,97,N,Y,0.14199999
39,98, ,Y,0.59000003
39,98,M,Y,2.0
39,99, ,Y,1.477
39,100, ,Y,0.735
39,100,M,Y,0.93999994
39,101, ,Y,0.45
39,102, ,Y,0.3
39,102,M,Y,0.35999998
39,103, ,Y,0.224
39,104, ,Y,0.13
39,105, ,Y,0.15
39,106, ,Y,0.05
39,107, ,Y,0.03
39,108, ,Y,0.02
40,78, ,Zr,0.05
40,79, ,Zr,0.055999998
40,80, ,Zr,4.6
40,81, ,Zr,5.5
40,82, ,Zr,32.0
40,83, ,Zr,41.6
40,84, ,Zr,1554.0
40,85, ,Zr,471.6
40,85,M,Zr,10.900001
40,86, ,Zr,59400.0
40,87, ,Zr,6048.0
40,87,M,Zr,14.0
40,88, ,Zr,7.20576e6
40,89, ,Zr,282312.0
40,89,M,Zr,250.79999
40,90, ,Zr,0.0
40,90,M,Zr,0.8082
40,91, ,Zr,0.0
40,92, ,Zr,0.0
40,93, ,Zr,5.08067e13
40,94, ,Zr,3.4712602e24
40,95, ,Zr,5.53236e6
40,96, ,Zr,6.31139e26
40,97, ,Zr,60278.402
40,98, ,Zr,30.699999
40,99, ,Zr,2.2
40,100, ,Zr,7.1
40,101, ,Zr,2.3
40,102, ,Zr,2.9
40,103, ,Zr,1.3
40,104, ,Zr,1.2
40,105, ,Zr,0.6
40,106, ,Zr,0.9
40,107, ,Zr,0.24000001
40,108, ,Zr,0.08
40,109, ,Zr,0.06
40,110, ,Zr,0.03
41,81, ,Nb,4.4e-8
41,82, ,Nb,0.05
41,83, ,Nb,4.1
41,84, ,Nb,9.8
41,85, ,Nb,20.9
41,85,M,Nb,12.0
41,86, ,Nb,88.0
41,86,M,Nb,56.0
41,87, ,Nb,225.0
41,87,M,Nb,156.0
41,88, ,Nb,870.0
41,88,M,Nb,467.99997
41,89, ,Nb,7308.0
41,89,M,Nb,3960.0
41,90, ,Nb,52524.0
41,90,M,Nb,18.810001
41,90,N,Nb,0.00622
41,91, ,Nb,2.14592e10
41,91,M,Nb,5.26176e6
41,92, ,Nb,1.10451996e15
41,92,M,Nb,876960.0
41,93, ,Nb,0.0
41,93,M,Nb,5.08698e8
41,94, ,Nb,6.3072e11
41,94,M,Nb,375.6
41,95, ,Nb,3.02322e6
41,95,M,Nb,311904.0
41,96, ,Nb,84060.0
41,97, ,Nb,4326.0
41,97,M,Nb,52.7
41,98, ,Nb,2.86
41,98,M,Nb,3078.0
41,99, ,Nb,15.0
41,99,M,Nb,156.0
41,100, ,Nb,1.5
41,100,M,Nb,2.9
41,101, ,Nb,7.1
41,102, ,Nb,1.3
41,102,M,Nb,4.3
41,103, ,Nb,1.5
41,104, ,Nb,4.9
41,104,M,Nb,0.93999994
41,105, ,Nb,2.95
41,106, ,Nb,0.91999996
41,107, ,Nb,0.3
41,108, ,Nb,0.19299999
41,109, ,Nb,0.19
41,110, ,Nb,0.17
41,111, ,Nb,0.08
41,112, ,Nb,0.06
41,113, ,Nb,0.03
42,83, ,Mo,0.023
42,84, ,Mo,0.0038
42,85, ,Mo,3.2
42,86, ,Mo,19.6
42,87, ,Mo,14.0199995
42,88, ,Mo,480.00003
42,89, ,Mo,126.600006
42,89,M,Mo,0.19
42,90, ,Mo,20016.0
42,91, ,Mo,929.39996
42,91,M,Mo,64.6
42,92, ,Mo,5.9959403e27
42,93, ,Mo,9.504e10
42,93,M,Mo,24660.0
42,94, ,Mo,0.0
42,95, ,Mo,0.0
42,96, ,Mo,0.0
42,97, ,Mo,0.0
42,98, ,Mo,3.15569e21
42,99, ,Mo,237419.02
42,100, ,Mo,2.3036598e26
42,101, ,Mo,876.6
42,102, ,Mo,678.0
42,103, ,Mo,67.9
42,104, ,Mo,60.0
42,105, ,Mo,35.6
42,106, ,Mo,8.73
42,107, ,Mo,3.5
42,108, ,Mo,1.09
42,109, ,Mo,0.5
42,110, ,Mo,0.3
42,111, ,Mo,0.5
42,112, ,Mo,1.0
42,113, ,Mo,0.1
42,114, ,Mo,0.08
42,115, ,Mo,0.06
43,85, ,Tc,1.1e-7
43,86, ,Tc,0.055
43,87, ,Tc,2.2
43,87,M,Tc,2.0
43,88, ,Tc,5.8
43,88,M,Tc,6.4
43,89, ,Tc,12.799999
43,89,M,Tc,12.9
43,90, ,Tc,8.7
43,90,M,Tc,49.2
43,91, ,Tc,188.4
43,91,M,Tc,198.0
43,92, ,Tc,255.0
43,93, ,Tc,9900.0
43,93,M,Tc,2610.0
43,94, ,Tc,17580.0
43,94,M,Tc,3114.0
43,95, ,Tc,72000.0
43,95,M,Tc,5.2704e6
43,96, ,Tc,369792.0
43,96,M,Tc,3090.0
43,97, ,Tc,8.20498e13
43,97,M,Tc,7.79328e6
43,98, ,Tc,1.35695e14
43,99, ,Tc,6.67429e12
43,99,M,Tc,21624.1
43,100, ,Tc,15.46
43,101, ,Tc,852.00006
43,102, ,Tc,5.28
43,102,M,Tc,261.0
43,103, ,Tc,54.2
43,104, ,Tc,1098.0
43,105, ,Tc,456.0
43,106, ,Tc,35.6
43,107, ,Tc,21.199999
43,108, ,Tc,5.17
43,109, ,Tc,0.86
43,110, ,Tc,0.91999996
43,111, ,Tc,0.29000002
43,112, ,Tc,0.29000002
43,113, ,Tc,0.13
43,114, ,Tc,0.2
43,115, ,Tc,0.27
43,116, ,Tc,0.120000005
43,117, ,Tc,0.04
43,118, ,Tc,0.03
44,87, ,Ru,0.05
44,88, ,Ru,1.3
44,89, ,Ru,1.38
44,90, ,Ru,11.0
44,91, ,Ru,9.0
44,91,M,Ru,7.6
44,92, ,Ru,219.0
44,93, ,Ru,59.699997
44,93,M,Ru,10.8
44,94, ,Ru,3108.0
44,95, ,Ru,5914.8003
44,96, ,Ru,2.11436e24
44,97, ,Ru,244512.02
44,98, ,Ru,0.0
44,99, ,Ru,0.0
44,100, ,Ru,0.0
44,101, ,Ru,0.0
44,102, ,Ru,0.0
44,103, ,Ru,3.39206e6
44,103,M,Ru,0.0016900001
44,104, ,Ru,0.0
44,105, ,Ru,15984.0
44,106, ,Ru,3.20976e7
44,107, ,Ru,225.0
44,108, ,Ru,273.0
44,109, ,Ru,34.5
44,110, ,Ru,12.04
44,111, ,Ru,2.12
44,112, ,Ru,1.75
44,113, ,Ru,0.8
44,113,M,Ru,0.51
44,114, ,Ru,0.53000003
44,115, ,Ru,0.7
44,116, ,Ru,1.7
44,117, ,Ru,0.34
44,118, ,Ru,0.7
44,119, ,Ru,0.19
44,120, ,Ru,0.08
45,89, ,Rh,0.01
45,90, ,Rh,0.015
45,90,M,Rh,0.0011
45,91, ,Rh,1.74
45,92, ,Rh,4.3
45,93, ,Rh,13.9
45,94, ,Rh,70.6
45,94,M,Rh,25.8
45,95, ,Rh,301.2
45,95,M,Rh,117.6
45,96, ,Rh,594.0
45,96,M,Rh,90.600006
45,97, ,Rh,1842.0
45,97,M,Rh,2772.0
45,98, ,Rh,523.2
45,98,M,Rh,216.00002
45,99, ,Rh,1.39104e6
45,99,M,Rh,16920.0
45,100, ,Rh,74880.0
45,100,M,Rh,276.0
45,101, ,Rh,1.00982e8
45,101,M,Rh,375840.0
45,102, ,Rh,9.158399e7
45,102,M,Rh,1.79712e7
45,103, ,Rh,0.0
45,103,M,Rh,3366.9
45,104, ,Rh,42.3
45,104,M,Rh,260.40002
45,105, ,Rh,127295.99
45,105,M,Rh,40.0
45,106, ,Rh,30.1
45,106,M,Rh,7920.0
45,107, ,Rh,1302.0
45,108, ,Rh,16.8
45,108,M,Rh,360.0
45,109, ,Rh,80.0
45,110, ,Rh,28.5
45,110,M,Rh,3.2
45,111, ,Rh,12.0
45,112, ,Rh,2.1
45,112,M,Rh,6.8
45,113, ,Rh,2.8
45,114, ,Rh,1.85
45,114,M,Rh,1.85
45,115, ,Rh,0.98999995
45,116, ,Rh,0.68
45,116,M,Rh,0.57
45,117, ,Rh,0.44
45,118, ,Rh,0.32
45,119, ,Rh,0.3
45,120, ,Rh,0.17
45,121, ,Rh,0.25
45,122, ,Rh,0.05
46,91, ,Pd,0.01
46,92, ,Pd,1.1
46,93, ,Pd,1.07
46,94, ,Pd,9.0
46,95, ,Pd,10.0
46,95,M,Pd,13.3
46,96, ,Pd,122.0
46,97, ,Pd,186.0
46,98, ,Pd,1062.0
46,99, ,Pd,1284.0
46,100, ,Pd,313632.0
46,101, ,Pd,30492.0
46,102, ,Pd,0.0
46,103, ,Pd,1.46707e6
46,104, ,Pd,0.0
46,105, ,Pd,0.0
46,106, ,Pd,0.0
46,107, ,Pd,2.0511999e14
46,107,M,Pd,21.300001
46,108, ,Pd,0.0
46,109, ,Pd,48888.0
46,109,M,Pd,281.4
46,110, ,Pd,1.8934199e25
46,111, ,Pd,1404.0
46,111,M,Pd,19800.0
46,112, ,Pd,73080.0
46,113, ,Pd,91.0
46,113,M,Pd,0.3
46,114, ,Pd,145.2
46,115, ,Pd,25.0
46,115,M,Pd,50.0
46,116, ,Pd,11.799999
46,117, ,Pd,4.3
46,117,M,Pd,0.0191
46,118, ,Pd,1.9
46,119, ,Pd,0.91999996
46,120, ,Pd,0.5
46,121, ,Pd,0.6
46,122, ,Pd,0.3
46,123, ,Pd,0.2
46,124, ,Pd,0.1
47,93, ,Ag,0.005
47,94, ,Ag,0.037
47,94,M,Ag,0.422
47,94,N,Ag,0.3
47,95, ,Ag,1.74
47,95,M,Ag,0.5
47,95,N,Ag,0.016
47,95,O,Ag,0.04
47,96, ,Ag,4.45
47,96,M,Ag,6.9
47,97, ,Ag,25.5
47,98, ,Ag,47.5
47,99, ,Ag,124.0
47,99,M,Ag,10.5
47,100, ,Ag,120.6
47,100,M,Ag,134.4
47,101, ,Ag,666.0
47,101,M,Ag,3.1
47,102, ,Ag,774.0
47,102,M,Ag,462.0
47,103, ,Ag,3942.0
47,103,M,Ag,5.7
47,104, ,Ag,4152.0
47,104,M,Ag,2010.0
47,105, ,Ag,3.56832e6
47,105,M,Ag,433.8
47,106, ,Ag,1440.0
47,106,M,Ag,730944.0
47,107, ,Ag,0.0
47,107,M,Ag,44.3
47,108, ,Ag,142.92
47,108,M,Ag,1.38219e10
47,109, ,Ag,0.0
47,109,M,Ag,39.7
47,110, ,Ag,24.560001
47,110,M,Ag,2.1580998e7
47,111, ,Ag,643680.0
47,111,M,Ag,64.8
47,112, ,Ag,11267.999
47,113, ,Ag,19332.0
47,113,M,Ag,68.7
47,114, ,Ag,4.6
47,114,M,Ag,0.0015
47,115, ,Ag,1200.0
47,115,M,Ag,18.6
47,116, ,Ag,236.99998
47,116,M,Ag,8.6
47,117, ,Ag,73.6
47,117,M,Ag,5.34
47,118, ,Ag,3.76
47,118,M,Ag,2.0
47,119, ,Ag,6.0
47,119,M,Ag,2.1
47,120, ,Ag,1.23
47,120,M,Ag,0.371
47,121, ,Ag,0.78000003
47,122, ,Ag,0.529
47,122,M,Ag,1.5
47,123, ,Ag,0.3
47,124, ,Ag,0.172
47,124,M,Ag,0.2
47,125, ,Ag,0.166
47,126, ,Ag,0.10700001
47,127, ,Ag,0.079
47,128, ,Ag,0.058000002
47,129, ,Ag,0.044
47,130, ,Ag,0.05
48,95, ,Cd,0.005
48,96, ,Cd,1.0
48,97, ,Cd,2.8
48,98, ,Cd,9.2
48,99, ,Cd,16.0
48,100, ,Cd,49.1
48,101, ,Cd,81.6
48,102, ,Cd,330.0
48,103, ,Cd,438.0
48,104, ,Cd,3462.0
48,105, ,Cd,3330.0
48,106, ,Cd,2.0828e26
48,107, ,Cd,23472.0
48,108, ,Cd,1.2938599e25
48,109, ,Cd,3.99082e7
48,110, ,Cd,0.0
48,111, ,Cd,0.0
48,111,M,Cd,2912.4
48,112, ,Cd,0.0
48,113, ,Cd,2.53718e23
48,113,M,Cd,4.4495302e8
48,114, ,Cd,2.90324e24
48,115, ,Cd,192456.0
48,115,M,Cd,3.84998e6
48,116, ,Cd,9.46708e26
48,117, ,Cd,8964.0
48,117,M,Cd,12096.0
48,118, ,Cd,3018.0
48,119, ,Cd,161.4
48,119,M,Cd,132.0
48,120, ,Cd,50.8
48,121, ,Cd,13.5
48,121,M,Cd,8.3
48,122, ,Cd,5.24
48,123, ,Cd,2.1
48,123,M,Cd,1.82
48,124, ,Cd,1.25
48,125, ,Cd,0.68
48,125,M,Cd,0.48000002
48,126, ,Cd,0.515
48,127, ,Cd,0.37
48,128, ,Cd,0.28
48,129, ,Cd,0.24200001
48,129,M,Cd,0.103999995
48,130, ,Cd,0.162
48,131, ,Cd,0.068
48,132, ,Cd,0.096999995
49,97, ,In,0.005
49,98, ,In,0.045
49,98,M,In,1.7
49,99, ,In,3.1
49,99,M,In,1.0
49,100, ,In,5.9
49,101, ,In,15.1
49,101,M,In,10.0
49,102, ,In,22.0
49,103, ,In,60.0
49,103,M,In,34.0
49,104, ,In,108.00001
49,104,M,In,15.700001
49,105, ,In,304.2
49,105,M,In,48.0
49,106, ,In,372.0
49,106,M,In,312.0
49,107, ,In,1944.0
49,107,M,In,50.4
49,108, ,In,3480.0
49,108,M,In,2376.0
49,109, ,In,15001.2
49,109,M,In,80.4
49,109,N,In,0.20899999
49,110, ,In,17640.0
49,110,M,In,4146.0
49,111, ,In,242343.0
49,111,M,In,473.99997
49,112, ,In,882.0
49,112,M,In,1242.0
49,113, ,In,0.0
49,113,M,In,5968.44
49,114, ,In,71.9
49,114,M,In,4.32e6
49,114,N,In,0.043
49,115, ,In,1.39166e22
49,115,M,In,16149.6
49,116, ,In,14.2
49,116,M,In,3276.0
49,116,N,In,2.17
49,117, ,In,2592.0
49,117,M,In,6972.0
49,118, ,In,5.0
49,118,M,In,267.0
49,118,N,In,8.5
49,119, ,In,144.0
49,119,M,In,1080.0
49,120, ,In,3.08
49,120,M,In,46.199997
49,120,N,In,47.3
49,121, ,In,23.099998
49,121,M,In,232.8
49,122, ,In,1.5
49,122,M,In,10.8
49,122,N,In,10.8
49,123, ,In,6.17
49,123,M,In,47.800003
49,124, ,In,3.12
49,124,M,In,3.7
49,125, ,In,2.36
49,125,M,In,12.200001
49,126, ,In,1.53
49,126,M,In,1.64
49,127, ,In,1.09
49,127,M,In,3.67
49,128, ,In,0.84
49,128,M,In,0.01
49,128,N,In,0.71999997
49,129, ,In,0.61
49,129,M,In,1.23
49,130, ,In,0.29000002
49,130,M,In,0.54
49,130,N,In,0.54
49,131, ,In,0.28
49,131,M,In,0.35
49,131,N,In,0.32
49,132, ,In,0.20699999
49,133, ,In,0.16499999
49,133,M,In,0.17999999
49,134, ,In,0.14
49,135, ,In,0.092
50,99, ,Sn,0.005
50,100, ,Sn,1.1
50,101, ,Sn,3.0
50,102, ,Sn,4.6
50,103, ,Sn,7.0
50,104, ,Sn,20.8
50,105, ,Sn,34.0
50,106, ,Sn,115.0
50,107, ,Sn,174.0
50,108, ,Sn,618.0
50,109, ,Sn,1080.0
50,110, ,Sn,14760.0
50,111, ,Sn,2118.0
50,112, ,Sn,0.0
50,113, ,Sn,9.94378e6
50,113,M,Sn,1254.0
50,114, ,Sn,0.0
50,115, ,Sn,0.0
50,116, ,Sn,0.0
50,117, ,Sn,0.0
50,117,M,Sn,1.2096e6
50,118, ,Sn,0.0
50,119, ,Sn,0.0
50,119,M,Sn,2.5315198e7
50,120, ,Sn,0.0
50,121, ,Sn,97308.0
50,121,M,Sn,1.38535e9
50,122, ,Sn,0.0
50,123, ,Sn,1.11629e7
50,123,M,Sn,2403.6
50,124, ,Sn,3.15569e24
50,125, ,Sn,832896.06
50,125,M,Sn,571.2
50,126, ,Sn,7.25809e12
50,127, ,Sn,7560.0
50,127,M,Sn,247.79999
50,128, ,Sn,3544.2
50,128,M,Sn,6.5
50,129, ,Sn,133.8
50,129,M,Sn,432.00003
50,130, ,Sn,223.79999
50,130,M,Sn,102.0
50,131, ,Sn,56.0
50,131,M,Sn,58.4
50,132, ,Sn,39.7
50,133, ,Sn,1.46
50,134, ,Sn,1.05
50,135, ,Sn,0.53000003
50,136, ,Sn,0.25
50,137, ,Sn,0.19
51,103, ,Sb,0.1
51,104, ,Sb,0.46999997
51,105, ,Sb,1.12
51,106, ,Sb,0.6
51,107, ,Sb,4.6
51,108, ,Sb,7.4
51,109, ,Sb,17.0
51,110, ,Sb,23.599998
51,111, ,Sb,75.0
51,112, ,Sb,51.399998
51,113, ,Sb,400.19998
51,114, ,Sb,209.40001
51,115, ,Sb,1926.0
51,116, ,Sb,947.99994
51,116,M,Sb,3618.0
51,117, ,Sb,10080.0
51,118, ,Sb,216.00002
51,118,M,Sb,18000.0
51,119, ,Sb,137880.0
51,119,M,Sb,0.85
51,120, ,Sb,954.0
51,120,M,Sb,497664.03
51,121, ,Sb,0.0
51,122, ,Sb,232920.0
51,122,M,Sb,251.4
51,123, ,Sb,0.0
51,124, ,Sb,5.20197e6
51,124,M,Sb,93.0
51,124,N,Sb,1212.0
51,125, ,Sb,8.70514e7
51,126, ,Sb,1.07222e6
51,126,M,Sb,1146.0
51,126,N,Sb,11.0
51,127, ,Sb,332640.0
51,128, ,Sb,32435.998
51,128,M,Sb,624.0
51,129, ,Sb,15696.0
51,129,M,Sb,1062.0
51,130, ,Sb,2370.0
51,130,M,Sb,378.0
51,131, ,Sb,1381.8
51,132, ,Sb,167.40001
51,132,M,Sb,246.0
51,133, ,Sb,150.0
51,134, ,Sb,0.78000003
51,134,M,Sb,10.07
51,135, ,Sb,1.74
51,136, ,Sb,0.923
51,137, ,Sb,0.45
51,138, ,Sb,0.5
51,139, ,Sb,0.3
52,105, ,Te,1.0e-6
52,106, ,Te,6.0e-5
52,107, ,Te,0.0030999999
52,108, ,Te,2.1
52,109, ,Te,4.6
52,110, ,Te,18.6
52,111, ,Te,19.3
52,112, ,Te,120.00001
52,113, ,Te,102.0
52,114, ,Te,912.0
52,115, ,Te,348.0
52,115,M,Te,402.0
52,116, ,Te,8964.0
52,117, ,Te,3720.0
52,117,M,Te,0.103
52,118, ,Te,518400.0
52,119, ,Te,57780.0
52,119,M,Te,406080.0
52,120, ,Te,0.0
52,121, ,Te,1.65542e6
52,121,M,Te,1.33056e7
52,122, ,Te,0.0
52,123, ,Te,2.90324e24
52,123,M,Te,1.03248e7
52,124, ,Te,0.0
52,125, ,Te,0.0
52,125,M,Te,4.95936e6
52,126, ,Te,0.0
52,127, ,Te,33660.0
52,127,M,Te,9.16704e6
52,128, ,Te,6.94252e31
52,129, ,Te,4176.0
52,129,M,Te,2.90304e6
52,130, ,Te,2.493e28
52,131, ,Te,1500.0
52,131,M,Te,108000.01
52,132, ,Te,279072.0
52,133, ,Te,747.0
52,133,M,Te,3324.0
52,134, ,Te,2508.0
52,135, ,Te,19.0
52,136, ,Te,17.5
52,137, ,Te,2.49
52,138, ,Te,1.4
52,139, ,Te,0.5
52,140, ,Te,0.3
52,141, ,Te,0.1
52,142, ,Te,0.05
53,108, ,I,0.036
53,109, ,I,0.000103
53,110, ,I,0.65
53,111, ,I,2.5
53,112, ,I,3.42
53,113, ,I,6.6
53,114, ,I,2.1
53,114,M,I,6.2
53,115, ,I,78.0
53,116, ,I,2.91
53,117, ,I,133.2
53,118, ,I,822.0
53,118,M,I,510.0
53,119, ,I,1146.0
53,120, ,I,4896.0
53,120,M,I,3180.0
53,121, ,I,7632.0
53,122, ,I,217.8
53,123, ,I,47604.2
53,124, ,I,360806.0
53,125, ,I,5.13112e6
53,126, ,I,1.12147e6
53,127, ,I,0.0
53,128, ,I,1499.4
53,129, ,I,5.0806698e14
53,130, ,I,44496.004
53,130,M,I,530.39996
53,131, ,I,693213.0
53,132, ,I,8262.0
53,132,M,I,4980.0
53,133, ,I,75132.0
53,133,M,I,9.0
53,134, ,I,3150.0
53,134,M,I,216.00002
53,135, ,I,23688.0
53,136, ,I,83.5
53,136,M,I,47.0
53,137, ,I,24.51
53,138, ,I,6.46
53,139, ,I,2.3
53,140, ,I,0.86
53,141, ,I,0.43
53,142, ,I,0.2
53,143, ,I,0.1
53,144, ,I,0.05
54,110, ,Xe,0.31
54,111, ,Xe,0.74
54,112, ,Xe,2.7
54,113, ,Xe,2.74
54,114, ,Xe,10.0
54,115, ,Xe,18.0
54,116, ,Xe,59.0
54,117, ,Xe,61.0
54,118, ,Xe,228.0
54,119, ,Xe,348.0
54,120, ,Xe,2400.0
54,121, ,Xe,2406.0
54,122, ,Xe,72360.0
54,123, ,Xe,7488.0
54,124, ,Xe,6.31152e21
54,125, ,Xe,60840.0
54,125,M,Xe,56.0
54,126, ,Xe,0.0
54,127, ,Xe,3.14133e6
54,127,M,Xe,69.6
54,128, ,Xe,0.0
54,129, ,Xe,0.0
54,129,M,Xe,767232.0
54,130, ,Xe,0.0
54,131, ,Xe,0.0
54,131,M,Xe,1.03352e6
54,132, ,Xe,0.0
54,132,M,Xe,0.00839
54,133, ,Xe,453375.0
54,133,M,Xe,189907.0
54,134, ,Xe,3.47126e23
54,134,M,Xe,0.29000002
54,135, ,Xe,32904.0
54,135,M,Xe,918.0
54,136, ,Xe,3.15569e29
54,137, ,Xe,229.08002
54,138, ,Xe,844.8
54,139, ,Xe,39.690002
54,140, ,Xe,13.6
54,141, ,Xe,1.73
54,142, ,Xe,1.22
54,143, ,Xe,0.51100004
54,144, ,Xe,0.388
54,145, ,Xe,0.188
54,146, ,Xe,0.146
54,147, ,Xe,0.13
55,112, ,Cs,0.0005
55,113, ,Cs,1.67e-5
55,114, ,Cs,0.57
55,115, ,Cs,1.4
55,116, ,Cs,0.7
55,116,M,Cs,3.85
55,117, ,Cs,8.4
55,117,M,Cs,6.5
55,118, ,Cs,14.0
55,118,M,Cs,17.0
55,119, ,Cs,43.0
55,119,M,Cs,30.4
55,120, ,Cs,61.199997
55,120,M,Cs,57.0
55,121, ,Cs,155.0
55,121,M,Cs,122.0
55,122, ,Cs,21.18
55,122,M,Cs,222.0
55,122,N,Cs,0.35999998
55,123, ,Cs,354.6
55,123,M,Cs,1.7
55,124, ,Cs,30.9
55,124,M,Cs,6.3
55,125, ,Cs,2802.0
55,125,M,Cs,0.9
55,126, ,Cs,98.4
55,127, ,Cs,22500.0
55,128, ,Cs,217.2
55,129, ,Cs,115919.99
55,130, ,Cs,1752.6
55,130,M,Cs,207.59999
55,131, ,Cs,837216.0
55,132, ,Cs,564192.0
55,133, ,Cs,0.0
55,134, ,Cs,6.51461e7
55,134,M,Cs,10468.8
55,135, ,Cs,7.25809e13
55,135,M,Cs,3180.0
55,136, ,Cs,1.12579e6
55,136,M,Cs,19.0
55,137, ,Cs,9.4828595e8
55,138, ,Cs,2004.6001
55,138,M,Cs,174.6
55,139, ,Cs,556.19995
55,140, ,Cs,64.0
55,141, ,Cs,24.84
55,142, ,Cs,1.684
55,143, ,Cs,1.791
55,144, ,Cs,0.99399996
55,144,M,Cs,1.0
55,145, ,Cs,0.594
55,146, ,Cs,0.323
55,147, ,Cs,0.225
55,148, ,Cs,0.146
55,149, ,Cs,0.15
55,150, ,Cs,0.1
55,151, ,Cs,0.06
56,114, ,Ba,0.53000003
56,115, ,Ba,0.45
56,116, ,Ba,1.3
56,117, ,Ba,1.75
56,118, ,Ba,5.2
56,119, ,Ba,5.4
56,120, ,Ba,24.0
56,121, ,Ba,29.7
56,122, ,Ba,116.99999
56,123, ,Ba,162.0
56,124, ,Ba,660.0
56,125, ,Ba,209.99998
56,126, ,Ba,6000.0
56,127, ,Ba,762.0
56,127,M,Ba,1.9
56,128, ,Ba,209952.0
56,129, ,Ba,8568.0
56,129,M,Ba,7704.0
56,130, ,Ba,0.0
56,130,M,Ba,0.00954
56,131, ,Ba,997920.06
56,131,M,Ba,876.0
56,132, ,Ba,0.0
56,133, ,Ba,3.32578e8
56,133,M,Ba,137520.0
56,134, ,Ba,0.0
56,135, ,Ba,0.0
56,135,M,Ba,103320.0
56,136, ,Ba,0.0
56,136,M,Ba,0.3084
56,137, ,Ba,0.0
56,137,M,Ba,153.12001
56,138, ,Ba,0.0
56,139, ,Ba,4983.6
56,140, ,Ba,1.10186e6
56,141, ,Ba,1096.2
56,142, ,Ba,636.0
56,143, ,Ba,14.5
56,144, ,Ba,11.5
56,145, ,Ba,4.31
56,146, ,Ba,2.22
56,147, ,Ba,0.89399993
56,148, ,Ba,0.612
56,149, ,Ba,0.344
56,150, ,Ba,0.3
56,151, ,Ba,0.2
56,152, ,Ba,0.1
56,153, ,Ba,0.08
57,117, ,La,0.0235
57,117,M,La,0.01
57,118, ,La,0.2
57,119, ,La,1.0
57,120, ,La,2.8
57,121, ,La,5.3
57,122, ,La,8.7
57,123, ,La,17.0
57,124, ,La,29.21
57,124,M,La,21.0
57,125, ,La,64.8
57,125,M,La,0.39000002
57,126, ,La,54.0
57,126,M,La,20.0
57,127, ,La,306.0
57,127,M,La,222.0
57,128, ,La,310.80002
57,128,M,La,84.0
57,129, ,La,696.0
57,129,M,La,0.56
57,130, ,La,522.0
57,131, ,La,3540.0
57,132, ,La,17280.0
57,132,M,La,1458.0
57,133, ,La,14083.199
57,134, ,La,387.0
57,135, ,La,70200.0
57,136, ,La,592.2
57,136,M,La,0.114
57,137, ,La,1.8934601e12
57,138, ,La,3.2693e18
57,139, ,La,0.0
57,140, ,La,145029.0
57,141, ,La,14112.0
57,142, ,La,5466.0
57,143, ,La,848.4
57,144, ,La,40.8
57,145, ,La,24.8
57,146, ,La,6.27
57,146,M,La,10.0
57,147, ,La,4.06
57,148, ,La,1.26
57,149, ,La,1.05
57,150, ,La,0.51
57,151, ,La,0.3
57,152, ,La,0.28
57,153, ,La,0.15
57,154, ,La,0.1
57,155, ,La,0.06
58,119, ,Ce,0.2
58,120, ,Ce,0.25
58,121, ,Ce,1.1
58,122, ,Ce,2.0
58,123, ,Ce,3.8
58,124, ,Ce,9.1
58,125, ,Ce,9.3
58,126, ,Ce,51.0
58,127, ,Ce,29.0
58,127,M,Ce,34.0
58,128, ,Ce,235.8
58,129, ,Ce,209.99998
58,130, ,Ce,1374.0
58,131, ,Ce,612.0
58,131,M,Ce,300.0
58,132, ,Ce,12636.0
58,132,M,Ce,0.0094
58,133, ,Ce,5820.0
58,133,M,Ce,17640.0
58,134, ,Ce,273024.0
58,135, ,Ce,63720.004
58,135,M,Ce,20.0
58,136, ,Ce,2.20903e21
58,137, ,Ce,32400.0
58,137,M,Ce,123840.0
58,138, ,Ce,0.0
58,138,M,Ce,0.008649999
58,139, ,Ce,1.1892999e7
58,139,M,Ce,56.100002
58,140, ,Ce,0.0
58,141, ,Ce,2.80826e6
58,142, ,Ce,1.57785e24
58,143, ,Ce,118939.99
58,144, ,Ce,2.46145e7
58,145, ,Ce,177.0
58,146, ,Ce,811.2001
58,147, ,Ce,57.0
58,148, ,Ce,56.0
58,149, ,Ce,5.3
58,150, ,Ce,4.0
58,151, ,Ce,1.02
58,152, ,Ce,1.1
58,153, ,Ce,1.5
58,154, ,Ce,2.0
58,155, ,Ce,0.2
58,156, ,Ce,0.15
58,157, ,Ce,0.05
59,121, ,Pr,0.6
59,122, ,Pr,0.5
59,123, ,Pr,0.8
59,124, ,Pr,1.2
59,125, ,Pr,3.3
59,126, ,Pr,3.12
59,127, ,Pr,4.2
59,127,M,Pr,0.05
59,128, ,Pr,2.85
59,129, ,Pr,30.0
59,129,M,Pr,0.001
59,130, ,Pr,40.0
59,130,M,Pr,10.0
59,131, ,Pr,90.0
59,131,M,Pr,5.7
59,132, ,Pr,89.399994
59,132,M,Pr,20.0
59,133, ,Pr,390.0
59,134, ,Pr,660.0
59,134,M,Pr,1020.0
59,135, ,Pr,1440.0
59,136, ,Pr,786.0
59,137, ,Pr,4608.0
59,138, ,Pr,87.0
59,138,M,Pr,7632.0
59,139, ,Pr,15876.0
59,140, ,Pr,203.4
59,141, ,Pr,0.0
59,142, ,Pr,68832.0
59,142,M,Pr,876.0
59,143, ,Pr,1.17158e6
59,144, ,Pr,1037.4
59,144,M,Pr,432.00003
59,145, ,Pr,21542.398
59,146, ,Pr,1449.0
59,147, ,Pr,804.0
59,148, ,Pr,137.4
59,148,M,Pr,121.200005
59,149, ,Pr,135.59999
59,150, ,Pr,6.1
59,151, ,Pr,18.9
59,152, ,Pr,3.63
59,153, ,Pr,4.28
59,154, ,Pr,2.3
59,155, ,Pr,1.0
59,156, ,Pr,0.5
59,157, ,Pr,0.3
59,158, ,Pr,0.2
59,159, ,Pr,0.1
60,124, ,Nd,0.5
60,125, ,Nd,0.6
60,126, ,Nd,1.0
60,127, ,Nd,1.8
60,128, ,Nd,5.0
60,129, ,Nd,4.9
60,130, ,Nd,21.0
60,131, ,Nd,33.0
60,132, ,Nd,94.0
60,133, ,Nd,70.0
60,133,M,Nd,70.0
60,134, ,Nd,510.0
60,135, ,Nd,744.0
60,135,M,Nd,330.0
60,136, ,Nd,3039.0
60,137, ,Nd,2310.0
60,137,M,Nd,1.6
60,138, ,Nd,18144.0
60,139, ,Nd,1782.0
60,139,M,Nd,19800.0
60,140, ,Nd,291168.0
60,141, ,Nd,8952.0
60,141,M,Nd,62.0
60,142, ,Nd,0.0
60,143, ,Nd,0.0
60,144, ,Nd,7.22654e22
60,145, ,Nd,0.0
60,146, ,Nd,0.0
60,147, ,Nd,952128.0
60,148, ,Nd,9.46708e25
60,149, ,Nd,6220.8
60,150, ,Nd,2.1143101e26
60,151, ,Nd,746.4
60,152, ,Nd,684.0
60,153, ,Nd,31.6
60,154, ,Nd,25.9
60,155, ,Nd,8.9
60,156, ,Nd,5.49
60,157, ,Nd,2.5
60,158, ,Nd,0.7
60,159, ,Nd,0.5
60,160, ,Nd,0.3
60,161, ,Nd,0.2
61,126, ,Pm,0.5
61,127, ,Pm,1.0
61,128, ,Pm,1.0
61,129, ,Pm,3.0
61,130, ,Pm,2.6
61,131, ,Pm,6.3
61,132, ,Pm,6.3
61,133, ,Pm,15.0
61,133,M,Pm,10.0
61,134, ,Pm,5.0
61,134,M,Pm,5.0
61,135, ,Pm,49.0
61,135,M,Pm,40.0
61,136, ,Pm,107.00001
61,136,M,Pm,47.0
61,137, ,Pm,120.00001
61,137,M,Pm,144.0
61,138, ,Pm,10.0
61,138,M,Pm,194.4
61,139, ,Pm,249.0
61,139,M,Pm,0.17999999
61,140, ,Pm,9.2
61,140,M,Pm,357.0
61,141, ,Pm,1254.0
61,142, ,Pm,40.5
61,142,M,Pm,0.002
61,143, ,Pm,2.29824e7
61,144, ,Pm,3.1363202e7
61,145, ,Pm,5.5857e8
61,146, ,Pm,1.74528e8
61,147, ,Pm,8.2744e7
61,148, ,Pm,463968.0
61,148,M,Pm,3.56746e6
61,149, ,Pm,191088.0
61,150, ,Pm,9712.8
61,151, ,Pm,102240.0
61,152, ,Pm,247.19998
61,152,M,Pm,451.2
61,152,N,Pm,864.00006
61,153, ,Pm,315.0
61,154, ,Pm,103.799995
61,154,M,Pm,160.8
61,155, ,Pm,41.5
61,156, ,Pm,26.7
61,157, ,Pm,10.559999
61,158, ,Pm,4.8
61,159, ,Pm,3.0
61,160, ,Pm,2.0
61,161, ,Pm,0.7
61,162, ,Pm,0.5
61,163, ,Pm,0.2
62,128, ,Sm,0.5
62,129, ,Sm,0.55
62,130, ,Sm,1.0
62,131, ,Sm,1.2
62,132, ,Sm,4.0
62,133, ,Sm,2.9
62,134, ,Sm,10.0
62,135, ,Sm,10.299999
62,135,M,Sm,2.4
62,136, ,Sm,47.0
62,137, ,Sm,45.0
62,137,M,Sm,20.0
62,138, ,Sm,186.0
62,139, ,Sm,154.20001
62,139,M,Sm,10.700001
62,140, ,Sm,889.2
62,141, ,Sm,612.0
62,141,M,Sm,1356.0
62,142, ,Sm,4349.4
62,143, ,Sm,525.0
62,143,M,Sm,66.0
62,143,N,Sm,0.03
62,144, ,Sm,0.0
62,145, ,Sm,2.9375998e7
62,146, ,Sm,3.15576e15
62,147, ,Sm,3.37659e18
62,148, ,Sm,2.2089801e23
62,149, ,Sm,6.31152e22
62,150, ,Sm,0.0
62,151, ,Sm,2.98844e9
62,152, ,Sm,0.0
62,153, ,Sm,166627.0
62,153,M,Sm,0.0106
62,154, ,Sm,0.0
62,155, ,Sm,1338.0
62,156, ,Sm,33840.0
62,157, ,Sm,481.8
62,158, ,Sm,318.0
62,159, ,Sm,11.37
62,160, ,Sm,9.6
62,161, ,Sm,4.8
62,162, ,Sm,2.4
62,163, ,Sm,1.0
62,164, ,Sm,0.5
62,165, ,Sm,0.2
63,130, ,Eu,0.0011
63,131, ,Eu,0.0178
63,132, ,Eu,0.1
63,133, ,Eu,0.2
63,134, ,Eu,0.5
63,135, ,Eu,1.5
63,136, ,Eu,3.8
63,136,M,Eu,3.8
63,137, ,Eu,8.4
63,138, ,Eu,12.1
63,139, ,Eu,17.9
63,140, ,Eu,1.51
63,140,M,Eu,0.125
63,141, ,Eu,40.7
63,141,M,Eu,2.7
63,142, ,Eu,2.34
63,142,M,Eu,73.38
63,143, ,Eu,155.40001
63,144, ,Eu,10.2
63,145, ,Eu,512352.0
63,146, ,Eu,396576.0
63,147, ,Eu,2.0822401e6
63,148, ,Eu,4.7088e6
63,149, ,Eu,8.0438405e6
63,150, ,Eu,1.14739e9
63,150,M,Eu,46079.996
63,151, ,Eu,0.0
63,152, ,Eu,4.26713e8
63,152,M,Eu,33390.0
63,152,N,Eu,5760.0
63,153, ,Eu,0.0
63,154, ,Eu,2.71421e8
63,154,M,Eu,2784.0
63,155, ,Eu,1.4999e8
63,156, ,Eu,1.31242e6
63,157, ,Eu,54648.0
63,158, ,Eu,2754.0
63,159, ,Eu,1086.0
63,160, ,Eu,38.0
63,161, ,Eu,26.0
63,162, ,Eu,10.599999
63,163, ,Eu,6.0
63,164, ,Eu,2.0
63,165, ,Eu,1.0
63,166, ,Eu,0.4
63,167, ,Eu,0.2
64,134, ,Gd,0.4
64,135, ,Gd,1.1
64,136, ,Gd,1.0
64,137, ,Gd,2.2
64,138, ,Gd,4.7
64,139, ,Gd,5.7
64,139,M,Gd,4.8
64,140, ,Gd,15.8
64,141, ,Gd,14.0
64,141,M,Gd,24.5
64,142, ,Gd,70.2
64,143, ,Gd,39.0
64,143,M,Gd,110.0
64,144, ,Gd,268.19998
64,145, ,Gd,1380.0
64,145,M,Gd,85.0
64,146, ,Gd,4.1705298e6
64,147, ,Gd,137016.0
64,148, ,Gd,2.36677e9
64,149, ,Gd,801791.94
64,150, ,Gd,5.7434802e13
64,151, ,Gd,1.07136e7
64,152, ,Gd,3.40815e21
64,153, ,Gd,2.07792e7
64,154, ,Gd,0.0
64,155, ,Gd,0.0
64,155,M,Gd,0.032
64,156, ,Gd,0.0
64,157, ,Gd,0.0
64,158, ,Gd,0.0
64,159, ,Gd,66524.4
64,160, ,Gd,4.10249e24
64,161, ,Gd,219.6
64,162, ,Gd,504.0
64,163, ,Gd,68.0
64,164, ,Gd,45.0
64,165, ,Gd,10.299999
64,166, ,Gd,4.8
64,167, ,Gd,3.0
64,168, ,Gd,0.3
64,169, ,Gd,1.0
65,136, ,Tb,0.2
65,137, ,Tb,0.6
65,138, ,Tb,0.8
65,139, ,Tb,1.6
65,140, ,Tb,2.4
65,141, ,Tb,3.5
65,141,M,Tb,7.9
65,142, ,Tb,0.597
65,142,M,Tb,0.303
65,143, ,Tb,12.0
65,143,M,Tb,21.0
65,144, ,Tb,1.0
65,144,M,Tb,4.25
65,145, ,Tb,1200.0
65,145,M,Tb,30.9
65,146, ,Tb,8.0
65,146,M,Tb,24.0
65,146,N,Tb,0.0011799999
65,147, ,Tb,5904.0
65,147,M,Tb,109.8
65,148, ,Tb,3600.0
65,148,M,Tb,132.0
65,149, ,Tb,14824.801
65,149,M,Tb,249.6
65,150, ,Tb,12528.0
65,150,M,Tb,348.0
65,151, ,Tb,63392.402
65,151,M,Tb,25.0
65,152, ,Tb,63000.0
65,152,M,Tb,252.0
65,153, ,Tb,202176.0
65,154, ,Tb,77400.0
65,154,M,Tb,33840.0
65,154,N,Tb,81720.0
65,155, ,Tb,459648.0
65,156, ,Tb,446688.0
65,156,M,Tb,87840.01
65,156,N,Tb,18360.0
65,157, ,Tb,3.1242002e9
65,158, ,Tb,5.6802504e9
65,158,M,Tb,10.8
65,159, ,Tb,0.0
65,160, ,Tb,6.24672e6
65,161, ,Tb,595296.0
65,162, ,Tb,456.0
65,163, ,Tb,1170.0
65,164, ,Tb,180.0
65,165, ,Tb,126.600006
65,166, ,Tb,25.599998
65,167, ,Tb,19.0
65,168, ,Tb,8.2
65,169, ,Tb,2.0
65,170, ,Tb,3.0
65,171, ,Tb,0.5
66,138, ,Dy,0.2
66,139, ,Dy,0.6
66,140, ,Dy,0.7
66,141, ,Dy,0.9
66,142, ,Dy,2.3
66,143, ,Dy,5.6
66,143,M,Dy,3.0
66,144, ,Dy,9.1
66,145, ,Dy,9.5
66,145,M,Dy,14.099999
66,146, ,Dy,29.0
66,146,M,Dy,0.15
66,147, ,Dy,40.0
66,147,M,Dy,55.0
66,148, ,Dy,198.0
66,149, ,Dy,252.0
66,149,M,Dy,0.49
66,150, ,Dy,430.2
66,151, ,Dy,1074.0
66,152, ,Dy,8568.0
66,153, ,Dy,23039.998
66,154, ,Dy,9.46708e13
66,155, ,Dy,35640.0
66,156, ,Dy,3.1557601e25
66,157, ,Dy,29303.998
66,157,M,Dy,0.0216
66,158, ,Dy,0.0
66,159, ,Dy,1.24762e7
66,160, ,Dy,0.0
66,161, ,Dy,0.0
66,162, ,Dy,0.0
66,163, ,Dy,0.0
66,164, ,Dy,0.0
66,165, ,Dy,8402.4
66,165,M,Dy,75.42
66,166, ,Dy,293760.0
66,167, ,Dy,372.0
66,168, ,Dy,522.0
66,169, ,Dy,39.0
66,170, ,Dy,30.0
66,171, ,Dy,6.0
66,172, ,Dy,3.0
66,173, ,Dy,2.0
67,140, ,Ho,0.006
67,141, ,Ho,0.0041
67,142, ,Ho,0.4
67,143, ,Ho,0.3
67,144, ,Ho,0.7
67,145, ,Ho,2.4
67,145,M,Ho,0.1
67,146, ,Ho,3.6
67,147, ,Ho,5.8
67,148, ,Ho,2.2
67,148,M,Ho,0.0023599998
67,148,N,Ho,0.00235
67,149, ,Ho,21.099998
67,149,M,Ho,56.0
67,150, ,Ho,76.799995
67,150,M,Ho,23.3
67,151, ,Ho,35.2
67,151,M,Ho,47.199997
67,152, ,Ho,161.8
67,152,M,Ho,50.0
67,153, ,Ho,120.6
67,153,M,Ho,558.0
67,154, ,Ho,705.60004
67,154,M,Ho,186.0
67,155, ,Ho,2880.0
67,156, ,Ho,3360.0
67,156,M,Ho,9.5
67,156,N,Ho,467.99997
67,157, ,Ho,756.0
67,158, ,Ho,678.0
67,158,M,Ho,1680.0
67,158,N,Ho,1278.0
67,159, ,Ho,1983.0
67,159,M,Ho,8.3
67,160, ,Ho,1518.0
67,160,M,Ho,18000.0
67,160,N,Ho,2.9
67,161, ,Ho,8928.0
67,161,M,Ho,6.77
67,162, ,Ho,900.0
67,162,M,Ho,4020.0
67,163, ,Ho,1.44218e11
67,163,M,Ho,1.1
67,164, ,Ho,1716.0
67,164,M,Ho,2256.0
67,165, ,Ho,0.0
67,166, ,Ho,96462.0
67,166,M,Ho,3.5754e10
67,167, ,Ho,11160.001
67,168, ,Ho,179.40001
67,168,M,Ho,132.0
67,169, ,Ho,282.0
67,170, ,Ho,166.8
67,170,M,Ho,43.0
67,171, ,Ho,53.0
67,172, ,Ho,25.0
67,173, ,Ho,10.0
67,174, ,Ho,8.0
67,175, ,Ho,5.0
68,143, ,Er,0.2
68,144, ,Er,0.4
68,145, ,Er,0.9
68,146, ,Er,1.7
68,147, ,Er,2.5
68,147,M,Er,2.5
68,148, ,Er,4.6
68,149, ,Er,4.0
68,149,M,Er,8.9
68,150, ,Er,18.5
68,151, ,Er,23.5
68,151,M,Er,0.58000004
68,152, ,Er,10.299999
68,153, ,Er,37.1
68,154, ,Er,223.79999
68,155, ,Er,318.0
68,156, ,Er,1170.0
68,157, ,Er,1119.0
68,157,M,Er,0.076
68,158, ,Er,8244.0
68,159, ,Er,2160.0
68,160, ,Er,102888.0
68,161, ,Er,11556.0
68,162, ,Er,4.41806e21
68,163, ,Er,4500.0
68,164, ,Er,0.0
68,165, ,Er,37296.0
68,166, ,Er,0.0
68,167, ,Er,0.0
68,167,M,Er,2.27
68,168, ,Er,0.0
68,169, ,Er,810431.94
68,170, ,Er,0.0
68,171, ,Er,27057.6
68,172, ,Er,177480.0
68,173, ,Er,84.0
68,174, ,Er,192.0
68,175, ,Er,72.0
68,176, ,Er,20.0
68,177, ,Er,3.0
69,145, ,Tm,3.1e-6
69,146, ,Tm,0.24000001
69,146,M,Tm,0.072
69,147, ,Tm,0.58000004
69,148, ,Tm,0.7
69,149, ,Tm,0.9
69,150, ,Tm,3.0
69,150,M,Tm,2.2
69,150,N,Tm,0.0052
69,151, ,Tm,4.17
69,151,M,Tm,6.6
69,152, ,Tm,8.0
69,152,M,Tm,5.2
69,153, ,Tm,1.48
69,153,M,Tm,2.5
69,154, ,Tm,8.1
69,154,M,Tm,3.3
69,155, ,Tm,21.6
69,155,M,Tm,45.0
69,156, ,Tm,83.8
69,157, ,Tm,217.8
69,158, ,Tm,238.8
69,159, ,Tm,547.8
69,160, ,Tm,564.0
69,160,M,Tm,74.5
69,161, ,Tm,1812.0
69,161,M,Tm,300.0
69,162, ,Tm,1302.0
69,162,M,Tm,24.300001
69,163, ,Tm,6516.0
69,164, ,Tm,120.00001
69,164,M,Tm,306.0
69,165, ,Tm,108216.0
69,166, ,Tm,27720.0
69,166,M,Tm,0.34
69,167, ,Tm,799200.0
69,168, ,Tm,7.776e6
69,169, ,Tm,0.0
69,170, ,Tm,1.1111e7
69,171, ,Tm,6.048e7
69,172, ,Tm,228959.98
69,173, ,Tm,29664.0
69,174, ,Tm,324.0
69,175, ,Tm,912.0
69,176, ,Tm,111.0
69,177, ,Tm,90.0
69,178, ,Tm,30.0
69,179, ,Tm,20.0
70,148, ,Yb,0.25
70,149, ,Yb,0.7
70,150, ,Yb,0.7
70,151, ,Yb,1.6
70,151,M,Yb,1.6
70,152, ,Yb,3.04
70,153, ,Yb,4.2
70,154, ,Yb,0.409
70,155, ,Yb,1.793
70,156, ,Yb,26.099998
70,157, ,Yb,38.6
70,158, ,Yb,89.399994
70,159, ,Yb,103.2
70,160, ,Yb,288.0
70,161, ,Yb,252.0
70,162, ,Yb,1132.2
70,163, ,Yb,663.0
70,164, ,Yb,4548.0
70,165, ,Yb,594.0
70,166, ,Yb,204120.0
70,167, ,Yb,1050.0
70,168, ,Yb,4.10249e21
70,169, ,Yb,2.76636e6
70,169,M,Yb,46.0
70,170, ,Yb,0.0
70,171, ,Yb,0.0
70,171,M,Yb,0.00525
70,172, ,Yb,0.0
70,173, ,Yb,0.0
70,174, ,Yb,0.0
70,175, ,Yb,361584.0
70,175,M,Yb,0.0682
70,176, ,Yb,0.0
70,176,M,Yb,11.4
70,177, ,Yb,6879.6
70,177,M,Yb,6.41
70,178, ,Yb,4440.0
70,179, ,Yb,480.00003
70,180, ,Yb,144.0
70,181, ,Yb,60.0
71,150, ,Lu,0.046
71,151, ,Lu,0.0806
71,152, ,Lu,0.65
71,153, ,Lu,0.9
71,153,M,Lu,1.0
71,154, ,Lu,1.0
71,154,M,Lu,1.12
71,155, ,Lu,0.0686
71,155,M,Lu,0.138
71,155,N,Lu,0.0027
71,156, ,Lu,0.49400002
71,156,M,Lu,0.198
71,157, ,Lu,6.8
71,157,M,Lu,4.79
71,158, ,Lu,10.599999
71,159, ,Lu,12.1
71,159,M,Lu,10.0
71,160, ,Lu,36.1
71,160,M,Lu,40.0
71,161, ,Lu,77.0
71,161,M,Lu,0.0073
71,162, ,Lu,82.200005
71,162,M,Lu,90.0
71,162,N,Lu,114.0
71,163, ,Lu,238.2
71,164, ,Lu,188.4
71,165, ,Lu,644.39996
71,166, ,Lu,159.0
71,166,M,Lu,84.6
71,166,N,Lu,127.2
71,167, ,Lu,3090.0
71,167,M,Lu,60.0
71,168, ,Lu,330.0
71,168,M,Lu,402.0
71,169, ,Lu,122616.01
71,169,M,Lu,160.0
71,170, ,Lu,173837.0
71,170,M,Lu,0.66999996
71,171, ,Lu,712800.0
71,171,M,Lu,78.0
71,172, ,Lu,578880.0
71,172,M,Lu,222.0
71,173, ,Lu,4.21632e7
71,174, ,Lu,1.1232001e8
71,174,M,Lu,1.22688e7
71,175, ,Lu,0.0
71,176, ,Lu,1.18654e18
71,176,M,Lu,13085.999
71,177, ,Lu,574301.0
71,177,M,Lu,1.38499e7
71,177,N,Lu,419.99997
71,178, ,Lu,1704.0
71,178,M,Lu,1386.0
71,179, ,Lu,16524.0
71,179,M,Lu,0.0030999999
71,180, ,Lu,342.0
71,180,M,Lu,1.0
71,180,N,Lu,0.001
71,181, ,Lu,209.99998
71,182, ,Lu,120.00001
71,183, ,Lu,58.0
71,184, ,Lu,20.0
72,153, ,Hf,0.4
72,153,M,Hf,0.5
72,154, ,Hf,2.0
72,155, ,Hf,0.89
72,156, ,Hf,0.023
72,157, ,Hf,0.114999995
72,158, ,Hf,2.85
72,159, ,Hf,5.2
72,160, ,Hf,13.6
72,161, ,Hf,18.2
72,162, ,Hf,39.4
72,163, ,Hf,40.0
72,164, ,Hf,111.0
72,165, ,Hf,76.0
72,166, ,Hf,406.19998
72,167, ,Hf,123.0
72,168, ,Hf,1557.0
72,169, ,Hf,194.4
72,170, ,Hf,57636.0
72,171, ,Hf,43560.0
72,171,M,Hf,29.5
72,172, ,Hf,5.9011504e7
72,173, ,Hf,86040.0
72,174, ,Hf,6.31152e22
72,175, ,Hf,6.048e6
72,176, ,Hf,0.0
72,177, ,Hf,0.0
72,177,M,Hf,1.08
72,177,N,Hf,3084.0
72,178, ,Hf,0.0
72,178,M,Hf,4.0
72,178,N,Hf,9.7828595e8
72,179, ,Hf,0.0
72,179,M,Hf,18.67
72,179,N,Hf,2.16864e6
72,180, ,Hf,0.0
72,180,M,Hf,19800.0
72,181, ,Hf,3.66163e6
72,182, ,Hf,2.8085699e14
72,182,M,Hf,3690.0
72,183, ,Hf,3841.2002
72,184, ,Hf,14832.0
72,184,M,Hf,48.0
72,185, ,Hf,209.99998
72,186, ,Hf,156.0
72,187, ,Hf,30.0
72,188, ,Hf,20.0
73,155, ,Ta,1.3e-5
73,156, ,Ta,0.14400001
73,156,M,Ta,0.35999998
73,157, ,Ta,0.0101
73,157,M,Ta,0.0043
73,157,N,Ta,0.0017
73,158, ,Ta,0.049000002
73,158,M,Ta,0.036
73,159, ,Ta,1.04
73,159,M,Ta,0.514
73,160, ,Ta,1.7
73,160,M,Ta,1.55
73,161, ,Ta,3.0
73,161,M,Ta,2.89
73,162, ,Ta,3.57
73,163, ,Ta,10.599999
73,164, ,Ta,14.2
73,165, ,Ta,31.0
73,166, ,Ta,34.4
73,167, ,Ta,79.8
73,168, ,Ta,120.00001
73,169, ,Ta,294.0
73,170, ,Ta,405.60004
73,171, ,Ta,1398.0
73,172, ,Ta,2208.0
73,173, ,Ta,11303.999
73,174, ,Ta,4104.0
73,175, ,Ta,37800.0
73,176, ,Ta,29124.0
73,176,M,Ta,0.0011
73,176,N,Ta,0.00097
73,177, ,Ta,203040.0
73,178, ,Ta,558.6
73,178,M,Ta,8496.0
73,178,N,Ta,0.059
73,179, ,Ta,5.08032e7
73,179,M,Ta,0.009
73,179,N,Ta,0.0541
73,180, ,Ta,29087.998
73,180,M,Ta,5.68037e22
73,181, ,Ta,0.0
73,182, ,Ta,9.91008e6
73,182,M,Ta,0.283
73,182,N,Ta,950.39996
73,183, ,Ta,439776.0
73,184, ,Ta,31320.0
73,185, ,Ta,2964.0
73,185,M,Ta,0.001
73,186, ,Ta,630.0
73,187, ,Ta,120.00001
73,188, ,Ta,20.0
73,189, ,Ta,3.0
73,190, ,Ta,0.3
74,158, ,W,0.00137
74,159, ,W,0.0082
74,160, ,W,0.09
74,161, ,W,0.409
74,162, ,W,1.36
74,163, ,W,2.8
74,164, ,W,6.3
74,165, ,W,5.1
74,166, ,W,19.199999
74,167, ,W,19.9
74,168, ,W,51.0
74,169, ,W,76.0
74,170, ,W,145.2
74,171, ,W,142.8
74,172, ,W,396.0
74,173, ,W,456.0
74,174, ,W,1992.0
74,175, ,W,2112.0
74,176, ,W,9000.0
74,177, ,W,7920.0
74,178, ,W,1.86624e6
74,179, ,W,2223.0
74,179,M,W,384.0
74,180, ,W,0.0
74,180,M,W,0.0054699997
74,181, ,W,1.04527e7
74,182, ,W,0.0
74,183, ,W,3.47134e24
74,183,M,W,5.25
74,184, ,W,1.2623e25
74,185, ,W,6.48864e6
74,185,M,W,100.0
74,186, ,W,1.8619e25
74,186,M,W,0.003
74,187, ,W,85860.01
74,188, ,W,6.02899e6
74,189, ,W,642.0
74,190, ,W,1800.0
74,190,M,W,0.0030999999
74,191, ,W,20.0
74,192, ,W,10.0
75,160, ,Re,0.00086000003
75,161, ,Re,0.00037
75,161,M,Re,0.0156
75,162, ,Re,0.10700001
75,162,M,Re,0.077
75,163, ,Re,0.39000002
75,163,M,Re,0.21400002
75,164, ,Re,1.0e-9
75,164,M,Re,0.53000003
75,165, ,Re,1.0
75,165,M,Re,2.1
75,166, ,Re,2.0
75,166,M,Re,2.5
75,167, ,Re,3.4
75,167,M,Re,5.9
75,168, ,Re,4.4
75,169, ,Re,8.1
75,169,M,Re,15.1
75,170, ,Re,9.2
75,171, ,Re,15.2
75,172, ,Re,15.0
75,172,M,Re,55.0
75,173, ,Re,120.00001
75,174, ,Re,144.0
75,175, ,Re,353.4
75,176, ,Re,318.0
75,177, ,Re,839.99994
75,178, ,Re,792.0
75,179, ,Re,1170.0
75,180, ,Re,146.4
75,181, ,Re,71640.0
75,182, ,Re,230399.98
75,182,M,Re,45720.0
75,183, ,Re,6.048e6
75,183,M,Re,0.0010299999
75,184, ,Re,3.05856e6
75,184,M,Re,1.45152e7
75,185, ,Re,0.0
75,186, ,Re,324000.0
75,186,M,Re,5.99582e12
75,187, ,Re,1.36641e18
75,188, ,Re,61218.0
75,188,M,Re,1115.3999
75,189, ,Re,87480.0
75,190, ,Re,186.0
75,190,M,Re,11519.999
75,191, ,Re,582.0
75,192, ,Re,6.2
75,193, ,Re,30.0
75,194, ,Re,2.0
76,162, ,Os,0.00205
76,163, ,Os,0.0055
76,164, ,Os,0.021
76,165, ,Os,0.071
76,166, ,Os,0.216
76,167, ,Os,0.81000006
76,168, ,Os,2.06
76,169, ,Os,3.46
76,170, ,Os,7.46
76,171, ,Os,8.3
76,172, ,Os,19.199999
76,173, ,Os,22.4
76,174, ,Os,44.0
76,175, ,Os,84.0
76,176, ,Os,216.00002
76,177, ,Os,180.0
76,178, ,Os,300.0
76,179, ,Os,390.0
76,180, ,Os,1290.0
76,181, ,Os,6300.0
76,181,M,Os,162.0
76,182, ,Os,78624.0
76,183, ,Os,46800.0
76,183,M,Os,35640.0
76,184, ,Os,1.7672301e21
76,185, ,Os,8.1043195e6
76,186, ,Os,6.31152e22
76,187, ,Os,0.0
76,188, ,Os,0.0
76,189, ,Os,0.0
76,189,M,Os,20916.0
76,190, ,Os,0.0
76,190,M,Os,594.0
76,191, ,Os,1.32192e6
76,191,M,Os,47160.0
76,192, ,Os,0.0
76,192,M,Os,5.9
76,193, ,Os,108396.01
76,194, ,Os,1.89342e8
76,195, ,Os,390.0
76,196, ,Os,2094.0
77,164, ,Ir,0.001
77,164,M,Ir,9.3999995e-5
77,165, ,Ir,1.0e-6
77,166, ,Ir,0.0105
77,166,M,Ir,0.0150999995
77,167, ,Ir,0.0352
77,167,M,Ir,0.03
77,168, ,Ir,0.161
77,168,M,Ir,0.125
77,169, ,Ir,0.353
77,169,M,Ir,0.308
77,170, ,Ir,0.91
77,170,M,Ir,0.44
77,171, ,Ir,3.6
77,171,M,Ir,1.4
77,172, ,Ir,4.4
77,172,M,Ir,2.0
77,173, ,Ir,9.0
77,173,M,Ir,2.2
77,174, ,Ir,7.9
77,174,M,Ir,4.9
77,175, ,Ir,9.0
77,176, ,Ir,8.3
77,177, ,Ir,30.0
77,178, ,Ir,12.0
77,179, ,Ir,79.0
77,180, ,Ir,90.0
77,181, ,Ir,294.0
77,182, ,Ir,900.0
77,183, ,Ir,3480.0
77,184, ,Ir,11124.001
77,185, ,Ir,51840.0
77,186, ,Ir,59904.0
77,186,M,Ir,6912.0
77,187, ,Ir,37800.0
77,187,M,Ir,0.030299999
77,188, ,Ir,149400.0
77,188,M,Ir,0.0042
77,189, ,Ir,1.14048e6
77,189,M,Ir,0.013300001
77,189,N,Ir,0.0037
77,190, ,Ir,1.0368e6
77,190,M,Ir,4032.0
77,190,N,Ir,11113.2
77,191, ,Ir,0.0
77,191,M,Ir,4.9
77,191,N,Ir,5.5
77,192, ,Ir,6.37822e6
77,192,M,Ir,86.4
77,192,N,Ir,7.60522e9
77,193, ,Ir,0.0
77,193,M,Ir,909792.06
77,194, ,Ir,69480.0
77,194,M,Ir,0.03183
77,194,N,Ir,1.47744e7
77,195, ,Ir,9000.0
77,195,M,Ir,13680.0
77,196, ,Ir,52.0
77,196,M,Ir,5040.0
77,197, ,Ir,348.0
77,197,M,Ir,534.0
77,198, ,Ir,8.0
77,199, ,Ir,20.0
78,166, ,Pt,0.0003
78,167, ,Pt,0.0007
78,168, ,Pt,0.002
78,169, ,Pt,0.0037
78,170, ,Pt,0.0138
78,171, ,Pt,0.044
78,172, ,Pt,0.098400004
78,173, ,Pt,0.365
78,174, ,Pt,0.88900006
78,175, ,Pt,2.53
78,176, ,Pt,6.33
78,177, ,Pt,10.599999
78,178, ,Pt,21.099998
78,179, ,Pt,21.199999
78,180, ,Pt,56.0
78,181, ,Pt,52.0
78,182, ,Pt,132.0
78,183, ,Pt,390.0
78,183,M,Pt,43.0
78,184, ,Pt,1038.0
78,184,M,Pt,0.00101
78,185, ,Pt,4254.0
78,185,M,Pt,1980.0
78,186, ,Pt,7488.0
78,187, ,Pt,8460.0
78,188, ,Pt,881280.06
78,189, ,Pt,39132.0
78,190, ,Pt,2.0511999e19
78,191, ,Pt,242092.98
78,192, ,Pt,0.0
78,193, ,Pt,1.57788e9
78,193,M,Pt,374976.0
78,194, ,Pt,0.0
78,195, ,Pt,0.0
78,195,M,Pt,354240.0
78,196, ,Pt,0.0
78,197, ,Pt,71609.4
78,197,M,Pt,5718.0
78,198, ,Pt,0.0
78,199, ,Pt,1848.0
78,199,M,Pt,13.6
78,200, ,Pt,45000.0
78,201, ,Pt,150.0
78,202, ,Pt,158400.0
79,169, ,Au,0.00015
79,170, ,Au,0.00031
79,170,M,Au,0.00063
79,171, ,Au,1.7e-5
79,171,M,Au,0.001014
79,172, ,Au,0.0047
79,173, ,Au,0.025
79,173,M,Au,0.014199999
79,174, ,Au,0.139
79,174,M,Au,0.171
79,175, ,Au,0.1
79,175,M,Au,0.15599999
79,176, ,Au,1.08
79,176,M,Au,0.86
79,177, ,Au,1.46
79,177,M,Au,1.18
79,178, ,Au,2.6
79,179, ,Au,7.1
79,180, ,Au,8.1
79,181, ,Au,13.7
79,182, ,Au,15.5
79,183, ,Au,42.0
79,184, ,Au,20.599998
79,184,M,Au,47.600002
79,185, ,Au,255.0
79,186, ,Au,642.0
79,187, ,Au,504.0
79,187,M,Au,2.3
79,188, ,Au,530.39996
79,189, ,Au,1722.0
79,189,M,Au,275.4
79,190, ,Au,2568.0
79,190,M,Au,0.125
79,191, ,Au,11447.999
79,191,M,Au,0.91999996
79,192, ,Au,17784.0
79,192,M,Au,0.029000001
79,192,N,Au,0.16
79,193, ,Au,63540.0
79,193,M,Au,3.9
79,194, ,Au,136872.0
79,194,M,Au,0.6
79,194,N,Au,0.42
79,195, ,Au,1.60785e7
79,195,M,Au,30.5
79,196, ,Au,532820.0
79,196,M,Au,8.1
79,196,N,Au,34560.0
79,197, ,Au,0.0
79,197,M,Au,7.74
79,198, ,Au,232787.98
79,198,M,Au,198720.0
79,199, ,Au,271210.0
79,200, ,Au,2904.0
79,200,M,Au,67320.0
79,201, ,Au,1560.0
79,202, ,Au,28.4
79,203, ,Au,60.0
79,204, ,Au,39.8
79,205, ,Au,31.0
80,171, ,Hg,8.0e-5
80,172, ,Hg,0.00041999997
80,173, ,Hg,0.0011
80,174, ,Hg,0.0019
80,175, ,Hg,0.0107
80,176, ,Hg,0.020399999
80,177, ,Hg,0.1273
80,178, ,Hg,0.269
80,179, ,Hg,1.09
80,180, ,Hg,2.58
80,181, ,Hg,3.6
80,182, ,Hg,10.83
80,183, ,Hg,9.4
80,183,M,Hg,5.0
80,184, ,Hg,30.599998
80,185, ,Hg,49.1
80,185,M,Hg,21.6
80,186, ,Hg,82.799995
80,187, ,Hg,114.0
80,187,M,Hg,144.0
80,188, ,Hg,195.0
80,189, ,Hg,456.0
80,189,M,Hg,516.0
80,190, ,Hg,1200.0
80,191, ,Hg,2940.0
80,191,M,Hg,3048.0
80,192, ,Hg,17460.0
80,193, ,Hg,13680.0
80,193,M,Hg,42480.0
80,194, ,Hg,1.40113e10
80,195, ,Hg,37908.0
80,195,M,Hg,149760.0
80,196, ,Hg,7.8894e25
80,197, ,Hg,232559.98
80,197,M,Hg,86040.0
80,198, ,Hg,0.0
80,199, ,Hg,0.0
80,199,M,Hg,2526.0
80,200, ,Hg,0.0
80,201, ,Hg,0.0
80,202, ,Hg,0.0
80,203, ,Hg,4.02572e6
80,204, ,Hg,0.0
80,205, ,Hg,312.0
80,205,M,Hg,0.00109
80,206, ,Hg,499.2
80,207, ,Hg,174.0
80,208, ,Hg,2520.0
80,209, ,Hg,37.0
80,210, ,Hg,600.0
81,176, ,Tl,0.01
81,177, ,Tl,0.018
81,178, ,Tl,0.255
81,179, ,Tl,0.27
81,179,M,Tl,0.0016000001
81,180, ,Tl,1.5
81,181, ,Tl,3.2
81,181,M,Tl,0.0017
81,182, ,Tl,2.0
81,182,M,Tl,2.9
81,183, ,Tl,6.9
81,183,M,Tl,0.06
81,184, ,Tl,9.7
81,184,M,Tl,10.0
81,185, ,Tl,19.5
81,185,M,Tl,1.83
81,186, ,Tl,40.0
81,186,M,Tl,2.9
81,186,N,Tl,2.9
81,187, ,Tl,51.0
81,187,M,Tl,15.599999
81,188, ,Tl,71.0
81,188,M,Tl,71.0
81,188,N,Tl,0.040999997
81,189, ,Tl,138.0
81,189,M,Tl,84.0
81,190, ,Tl,156.0
81,190,M,Tl,222.0
81,191, ,Tl,1200.0
81,191,M,Tl,313.2
81,192, ,Tl,576.0
81,192,M,Tl,648.0
81,193, ,Tl,1308.0
81,193,M,Tl,126.600006
81,194, ,Tl,1980.0
81,194,M,Tl,1968.0
81,195, ,Tl,4176.0
81,195,M,Tl,3.6
81,196, ,Tl,6624.0
81,196,M,Tl,5076.0
81,197, ,Tl,10224.0
81,197,M,Tl,0.54
81,198, ,Tl,19080.0
81,198,M,Tl,6732.0
81,198,N,Tl,0.0321
81,199, ,Tl,26712.0
81,199,M,Tl,0.028399998
81,200, ,Tl,93960.0
81,200,M,Tl,0.0343
81,201, ,Tl,262837.0
81,201,M,Tl,0.0020350001
81,202, ,Tl,1.05754e6
81,203, ,Tl,0.0
81,204, ,Tl,1.19538e8
81,205, ,Tl,0.0
81,206, ,Tl,252.12
81,206,M,Tl,225.6
81,207, ,Tl,286.44
81,207,M,Tl,1.33
81,208, ,Tl,183.48
81,209, ,Tl,129.66
81,210, ,Tl,78.0
81,211, ,Tl,60.0
81,212, ,Tl,30.0
82,178, ,Pb,0.00022999999
82,179, ,Pb,0.003
82,180, ,Pb,0.005
82,181, ,Pb,0.045
82,182, ,Pb,0.06
82,183, ,Pb,0.53499997
82,183,M,Pb,0.41500002
82,184, ,Pb,0.49
82,185, ,Pb,6.3
82,185,M,Pb,4.07
82,186, ,Pb,4.82
82,187, ,Pb,15.2
82,187,M,Pb,18.300001
82,188, ,Pb,25.5
82,189, ,Pb,51.0
82,189,M,Pb,60.0
82,190, ,Pb,71.0
82,191, ,Pb,79.8
82,191,M,Pb,130.8
82,192, ,Pb,209.99998
82,193, ,Pb,300.0
82,193,M,Pb,348.0
82,194, ,Pb,720.0
82,195, ,Pb,900.0
82,195,M,Pb,900.0
82,196, ,Pb,2220.0
82,197, ,Pb,480.00003
82,197,M,Pb,2580.0
82,198, ,Pb,8640.0
82,199, ,Pb,5400.0
82,199,M,Pb,732.0
82,200, ,Pb,77400.0
82,201, ,Pb,33840.0
82,201,M,Pb,61.0
82,202, ,Pb,1.67255e12
82,202,M,Pb,12852.0
82,203, ,Pb,186944.0
82,203,M,Pb,6.29
82,203,N,Pb,0.48000002
82,204, ,Pb,4.4180598e24
82,204,M,Pb,4050.0002
82,205, ,Pb,4.82831e14
82,205,M,Pb,0.0050999997
82,206, ,Pb,0.0
82,207, ,Pb,0.0
82,207,M,Pb,0.80600005
82,208, ,Pb,0.0
82,209, ,Pb,11797.2
82,210, ,Pb,7.0151e8
82,211, ,Pb,2166.0
82,212, ,Pb,38304.0
82,213, ,Pb,612.0
82,214, ,Pb,1614.96
82,215, ,Pb,36.0
83,184, ,Bi,0.0066
83,184,M,Bi,0.012999999
83,185, ,Bi,0.002
83,186, ,Bi,0.0148
83,186,M,Bi,0.0098
83,187, ,Bi,0.032
83,187,M,Bi,0.00032
83,188, ,Bi,0.044
83,188,M,Bi,0.22
83,189, ,Bi,0.67399997
83,189,M,Bi,0.005
83,190, ,Bi,6.3
83,190,M,Bi,6.2
83,191, ,Bi,12.3
83,191,M,Bi,0.124
83,192, ,Bi,34.6
83,192,M,Bi,39.6
83,193, ,Bi,67.0
83,193,M,Bi,3.2
83,194, ,Bi,95.0
83,194,M,Bi,125.0
83,194,N,Bi,115.0
83,195, ,Bi,183.0
83,195,M,Bi,87.0
83,196, ,Bi,306.0
83,196,M,Bi,0.6
83,196,N,Bi,240.00002
83,197, ,Bi,558.0
83,197,M,Bi,302.4
83,198, ,Bi,618.0
83,198,M,Bi,696.0
83,198,N,Bi,7.7
83,199, ,Bi,1620.0
83,199,M,Bi,1482.0
83,200, ,Bi,2184.0
83,200,M,Bi,1860.0
83,200,N,Bi,0.4
83,201, ,Bi,6480.0
83,201,M,Bi,3348.0
83,202, ,Bi,6156.0
83,203, ,Bi,42336.0
83,203,M,Bi,0.303
83,204, ,Bi,40392.0
83,204,M,Bi,0.012999999
83,204,N,Bi,0.00107
83,205, ,Bi,1.32278e6
83,206, ,Bi,539395.0
83,207, ,Bi,1.03822e9
83,208, ,Bi,1.1613199e13
83,208,M,Bi,0.0025799999
83,209, ,Bi,5.9959404e26
83,210, ,Bi,432950.03
83,210,M,Bi,9.467281e13
83,211, ,Bi,129.0
83,212, ,Bi,3632.4001
83,212,M,Bi,1500.0
83,212,N,Bi,540.0
83,213, ,Bi,2735.4
83,214, ,Bi,1188.0
83,215, ,Bi,456.0
83,215,M,Bi,36.9
83,216, ,Bi,130.20001
83,217, ,Bi,98.5
83,218, ,Bi,33.0
84,188, ,Po,0.00043000001
84,189, ,Po,0.005
84,190, ,Po,0.00245
84,191, ,Po,0.022
84,191,M,Po,0.098000005
84,192, ,Po,0.0332
84,193, ,Po,0.37
84,193,M,Po,0.245
84,194, ,Po,0.39200002
84,195, ,Po,4.64
84,195,M,Po,1.92
84,196, ,Po,5.56
84,197, ,Po,53.600002
84,197,M,Po,25.8
84,198, ,Po,106.200005
84,199, ,Po,328.80002
84,199,M,Po,250.20001
84,200, ,Po,690.0
84,201, ,Po,918.0
84,201,M,Po,534.0
84,202, ,Po,2682.0
84,203, ,Po,2202.0
84,203,M,Po,45.0
84,204, ,Po,12708.0
84,205, ,Po,6264.0
84,205,M,Po,0.0574
84,206, ,Po,760320.0
84,207, ,Po,20880.0
84,207,M,Po,2.79
84,208, ,Po,9.24638e7
84,209, ,Po,3.62905e9
84,210, ,Po,1.19557e7
84,211, ,Po,0.516
84,211,M,Po,25.5
84,212, ,Po,3.0e-7
84,212,M,Po,45.100002
84,213, ,Po,3.7e-6
84,214, ,Po,0.0001623
84,215, ,Po,0.001781
84,216, ,Po,0.148
84,217, ,Po,1.47
84,218, ,Po,184.26
84,219, ,Po,120.00001
84,220, ,Po,40.0
85,193, ,At,0.04
85,194, ,At,0.04
85,194,M,At,0.25
85,195, ,At,0.328
85,195,M,At,0.147
85,196, ,At,0.253
85,196,M,At,0.02
85,197, ,At,0.35
85,197,M,At,3.7
85,198, ,At,4.2
85,198,M,At,1.0
85,199, ,At,7.2
85,200, ,At,43.2
85,200,M,At,47.0
85,200,N,At,3.5
85,201, ,At,85.0
85,202, ,At,184.0
85,202,M,At,182.0
85,202,N,At,0.45999998
85,203, ,At,444.0
85,204, ,At,552.0
85,204,M,At,0.108
85,205, ,At,1614.0
85,206, ,At,1800.0
85,207, ,At,6480.0
85,208, ,At,5868.0
85,209, ,At,19476.0
85,210, ,At,29159.998
85,211, ,At,25977.6
85,212, ,At,0.314
85,212,M,At,0.119
85,213, ,At,1.25e-7
85,214, ,At,5.58e-7
85,215, ,At,0.0001
85,216, ,At,0.0003
85,217, ,At,0.0323
85,218, ,At,1.4
85,219, ,At,56.0
85,220, ,At,222.6
85,221, ,At,138.0
85,222, ,At,54.0
85,223, ,At,50.0
86,195, ,Rn,0.006
86,195,M,Rn,0.006
86,196, ,Rn,0.0044
86,197, ,Rn,0.066
86,197,M,Rn,0.021
86,198, ,Rn,0.065
86,199, ,Rn,0.62
86,199,M,Rn,0.32
86,200, ,Rn,1.03
86,201, ,Rn,7.0
86,201,M,Rn,3.8
86,202, ,Rn,9.94
86,203, ,Rn,43.5
86,203,M,Rn,26.7
86,204, ,Rn,74.4
86,205, ,Rn,168.0
86,206, ,Rn,340.19998
86,207, ,Rn,555.0
86,208, ,Rn,1461.0
86,209, ,Rn,1728.0
86,210, ,Rn,8640.0
86,211, ,Rn,52560.0
86,212, ,Rn,1434.0
86,213, ,Rn,0.025
86,214, ,Rn,2.7000002e-7
86,215, ,Rn,2.3e-6
86,216, ,Rn,4.5e-5
86,217, ,Rn,0.00054000004
86,218, ,Rn,0.036
86,219, ,Rn,3.98
86,220, ,Rn,55.8
86,221, ,Rn,1500.0
86,222, ,Rn,330324.0
86,223, ,Rn,1452.0
86,224, ,Rn,6420.0
86,225, ,Rn,279.6
86,226, ,Rn,444.0
86,227, ,Rn,20.8
86,228, ,Rn,65.0
87,199, ,Fr,0.016
87,200, ,Fr,0.024
87,200,M,Fr,0.65
87,201, ,Fr,0.069
87,202, ,Fr,0.29000002
87,202,M,Fr,0.34
87,203, ,Fr,0.55
87,204, ,Fr,1.7
87,204,M,Fr,2.6
87,204,N,Fr,1.7
87,205, ,Fr,3.92
87,206, ,Fr,16.0
87,206,M,Fr,15.900001
87,206,N,Fr,0.7
87,207, ,Fr,14.8
87,208, ,Fr,59.1
87,209, ,Fr,50.0
87,210, ,Fr,190.8
87,211, ,Fr,186.0
87,212, ,Fr,1200.0
87,213, ,Fr,34.6
87,214, ,Fr,0.005
87,214,M,Fr,0.00335
87,215, ,Fr,8.600001e-8
87,216, ,Fr,7.0e-7
87,217, ,Fr,1.9e-5
87,218, ,Fr,0.001
87,218,M,Fr,0.022
87,219, ,Fr,0.02
87,220, ,Fr,27.4
87,221, ,Fr,287.4
87,222, ,Fr,852.00006
87,223, ,Fr,1320.0
87,224, ,Fr,199.8
87,225, ,Fr,240.00002
87,226, ,Fr,49.0
87,227, ,Fr,148.2
87,228, ,Fr,38.0
87,229, ,Fr,50.2
87,230, ,Fr,19.1
87,231, ,Fr,17.6
87,232, ,Fr,5.0
88,202, ,Ra,0.0026
88,203, ,Ra,0.031
88,203,M,Ra,0.024
88,204, ,Ra,0.06
88,205, ,Ra,0.22
88,205,M,Ra,0.17999999
88,206, ,Ra,0.24000001
88,207, ,Ra,1.3
88,207,M,Ra,0.056999996
88,208, ,Ra,1.3
88,209, ,Ra,4.6
88,210, ,Ra,3.7
88,211, ,Ra,13.0
88,212, ,Ra,13.0
88,213, ,Ra,164.40001
88,213,M,Ra,0.00215
88,214, ,Ra,2.46
88,215, ,Ra,0.00159
88,216, ,Ra,1.8200001e-7
88,217, ,Ra,1.6e-6
88,218, ,Ra,2.56e-5
88,219, ,Ra,0.01
88,220, ,Ra,0.018
88,221, ,Ra,28.0
88,222, ,Ra,36.170002
88,223, ,Ra,987552.0
88,224, ,Ra,313718.0
88,225, ,Ra,1.28045e6
88,226, ,Ra,5.04911e10
88,227, ,Ra,2532.0
88,228, ,Ra,1.81452e8
88,229, ,Ra,240.00002
88,230, ,Ra,5580.0
88,231, ,Ra,103.0
88,232, ,Ra,250.0
88,233, ,Ra,30.0
88,234, ,Ra,30.0
89,206, ,Ac,0.025
89,206,M,Ac,0.015
89,206,N,Ac,0.040999997
89,207, ,Ac,0.027
89,208, ,Ac,0.095
89,208,M,Ac,0.027999999
89,209, ,Ac,0.098000005
89,210, ,Ac,0.35
89,211, ,Ac,0.21
89,212, ,Ac,0.91999996
89,213, ,Ac,0.8
89,214, ,Ac,8.2
89,215, ,Ac,0.17
89,216, ,Ac,0.00044
89,216,M,Ac,0.00032999998
89,217, ,Ac,6.9e-8
89,218, ,Ac,1.0800001e-6
89,219, ,Ac,1.18e-5
89,220, ,Ac,0.026400002
89,221, ,Ac,0.051999997
89,222, ,Ac,5.0
89,222,M,Ac,63.0
89,223, ,Ac,126.0
89,224, ,Ac,10008.0
89,225, ,Ac,864000.06
89,226, ,Ac,105732.0
89,227, ,Ac,6.87057e8
89,228, ,Ac,22140.0
89,229, ,Ac,3762.0
89,230, ,Ac,122.0
89,231, ,Ac,450.0
89,232, ,Ac,119.00001
89,233, ,Ac,145.0
89,234, ,Ac,44.0
89,235, ,Ac,40.0
89,236, ,Ac,120.00001
90,209, ,Th,0.007
90,210, ,Th,0.009
90,211, ,Th,0.048
90,212, ,Th,0.036
90,213, ,Th,0.14
90,214, ,Th,0.1
90,215, ,Th,1.2
90,216, ,Th,0.026800001
90,217, ,Th,0.000251
90,218, ,Th,1.17e-7
90,219, ,Th,1.0499999e-6
90,220, ,Th,9.7e-6
90,221, ,Th,0.00168
90,222, ,Th,0.0028
90,223, ,Th,0.6
90,224, ,Th,1.05
90,225, ,Th,523.2
90,226, ,Th,1834.2001
90,227, ,Th,1.61724e6
90,228, ,Th,6.03558e7
90,229, ,Th,2.31633e11
90,229,M,Th,252000.0
90,230, ,Th,2.3794402e12
90,231, ,Th,91879.195
90,232, ,Th,4.4338397e17
90,233, ,Th,1329.0
90,234, ,Th,2.0822401e6
90,235, ,Th,414.0
90,236, ,Th,2250.0
90,237, ,Th,288.0
90,238, ,Th,564.0
91,212, ,Pa,0.008
91,213, ,Pa,0.007
91,214, ,Pa,0.017
91,215, ,Pa,0.0139999995
91,216, ,Pa,0.105
91,217, ,Pa,0.0049
91,217,M,Pa,0.0016000001
91,218, ,Pa,0.000120000004
91,219, ,Pa,5.3e-8
91,220, ,Pa,7.8e-7
91,221, ,Pa,5.9e-6
91,222, ,Pa,0.0032000002
91,223, ,Pa,0.0050999997
91,224, ,Pa,0.844
91,225, ,Pa,1.7
91,226, ,Pa,108.00001
91,227, ,Pa,2298.0
91,228, ,Pa,79200.0
91,229, ,Pa,129600.0
91,230, ,Pa,1.50336e6
91,231, ,Pa,1.0338301e12
91,232, ,Pa,113184.0
91,233, ,Pa,2.33107e6
91,234, ,Pa,24120.0
91,234,M,Pa,69.54
91,235, ,Pa,1452.0
91,236, ,Pa,546.0
91,237, ,Pa,522.0
91,238, ,Pa,136.2
91,239, ,Pa,6480.0
91,240, ,Pa,120.00001
92,217, ,U,0.025999999
92,218, ,U,0.006
92,219, ,U,4.2e-5
92,220, ,U,6.0e-8
92,221, ,U,7.0e-7
92,222, ,U,1.4e-6
92,223, ,U,5.5e-5
92,224, ,U,0.00093999994
92,225, ,U,0.061
92,226, ,U,0.35
92,227, ,U,66.0
92,228, ,U,546.0
92,229, ,U,3480.0
92,230, ,U,1.79712e6
92,231, ,U,362880.0
92,232, ,U,2.20272e9
92,233, ,U,5.02555e12
92,234, ,U,7.7537e12
92,235, ,U,2.22102e16
92,235,M,U,1560.0
92,236, ,U,7.47915e14
92,237, ,U,583114.0
92,238, ,U,1.40996e17
92,239, ,U,1407.6001
92,240, ,U,50760.004
92,241, ,U,300.0
92,242, ,U,1008.0
93,225, ,Np,0.003
93,226, ,Np,0.035
93,227, ,Np,0.51
93,228, ,Np,61.399998
93,229, ,Np,240.00002
93,230, ,Np,276.0
93,231, ,Np,2928.0
93,232, ,Np,882.0
93,233, ,Np,2172.0
93,234, ,Np,380160.0
93,235, ,Np,3.42077e7
93,236, ,Np,4.89132e12
93,236,M,Np,81000.0
93,237, ,Np,6.7658e13
93,238, ,Np,181613.0
93,239, ,Np,203557.98
93,240, ,Np,3900.0
93,240,M,Np,444.0
93,241, ,Np,834.0
93,242, ,Np,132.0
93,242,M,Np,330.0
93,243, ,Np,111.0
93,244, ,Np,137.4
94,228, ,Pu,0.01
94,229, ,Pu,120.00001
94,230, ,Pu,102.0
94,231, ,Pu,516.0
94,232, ,Pu,2022.0001
94,233, ,Pu,1254.0
94,234, ,Pu,31680.0
94,235, ,Pu,1518.0
94,236, ,Pu,9.01916e7
94,237, ,Pu,3.91392e6
94,237,M,Pu,0.17999999
94,238, ,Pu,2.76754e9
94,239, ,Pu,7.60948e11
94,240, ,Pu,2.07108e11
94,241, ,Pu,4.52211e8
94,242, ,Pu,1.17868e13
94,243, ,Pu,17841.6
94,244, ,Pu,2.52461e15
94,245, ,Pu,37800.0
94,246, ,Pu,937440.0
94,247, ,Pu,196128.0
95,231, ,Am,30.0
95,232, ,Am,78.6
95,233, ,Am,192.0
95,234, ,Am,139.2
95,235, ,Am,594.0
95,236, ,Am,1800.0
95,237, ,Am,4380.0
95,238, ,Am,5880.0
95,239, ,Am,42840.0
95,240, ,Am,182880.0
95,241, ,Am,1.3658101e10
95,242, ,Am,57636.0
95,242,M,Am,4.44962e9
95,242,N,Am,0.0139999995
95,243, ,Am,2.32416e11
95,244, ,Am,36360.0
95,244,M,Am,1560.0
95,245, ,Am,7380.0
95,246, ,Am,2340.0
95,246,M,Am,1500.0
95,247, ,Am,1380.0
95,248, ,Am,180.0
95,249, ,Am,60.0
96,233, ,Cm,60.0
96,234, ,Cm,51.0
96,235, ,Cm,300.0
96,236, ,Cm,600.0
96,237, ,Cm,1200.0
96,238, ,Cm,8640.0
96,239, ,Cm,10440.0
96,240, ,Cm,2.3328e6
96,241, ,Cm,2.83392e6
96,242, ,Cm,1.40772e7
96,243, ,Cm,9.11995e8
96,244, ,Cm,5.68037e8
96,244,M,Cm,0.034
96,245, ,Cm,2.60345e11
96,246, ,Cm,1.49267e11
96,247, ,Cm,5.04922e14
96,248, ,Cm,1.07296e13
96,249, ,Cm,3849.0
96,250, ,Cm,2.52461e11
96,251, ,Cm,1008.0
96,252, ,Cm,86400.0
97,235, ,Bk,20.0
97,236, ,Bk,60.0
97,237, ,Bk,60.0
97,238, ,Bk,144.0
97,239, ,Bk,180.0
97,240, ,Bk,288.0
97,241, ,Bk,276.0
97,242, ,Bk,419.99997
97,243, ,Bk,16200.0
97,244, ,Bk,15660.0
97,245, ,Bk,426816.0
97,246, ,Bk,155520.0
97,247, ,Bk,4.35486e10
97,248, ,Bk,2.84018e8
97,248,M,Bk,85319.99
97,249, ,Bk,2.7648e7
97,250, ,Bk,11581.2
97,251, ,Bk,3336.0
97,252, ,Bk,108.00001
97,253, ,Bk,600.0
97,254, ,Bk,60.0
98,237, ,Cf,2.1
98,238, ,Cf,0.0211
98,239, ,Cf,60.0
98,240, ,Cf,57.600002
98,241, ,Cf,228.0
98,242, ,Cf,209.40001
98,243, ,Cf,642.0
98,244, ,Cf,1164.0
98,245, ,Cf,2700.0
98,246, ,Cf,128520.0
98,247, ,Cf,11196.001
98,248, ,Cf,2.88144e7
98,249, ,Cf,1.1076699e10
98,250, ,Cf,4.12773e8
98,251, ,Cf,2.83387e10
98,252, ,Cf,8.34698e7
98,253, ,Cf,1.53878e6
98,254, ,Cf,5.2272e6
98,255, ,Cf,5100.0
98,256, ,Cf,738.0
99,240, ,Es,1.0
99,241, ,Es,10.0
99,242, ,Es,13.5
99,243, ,Es,21.0
99,244, ,Es,37.0
99,245, ,Es,66.0
99,246, ,Es,462.0
99,247, ,Es,276.0
99,248, ,Es,1620.0
99,249, ,Es,6132.0
99,250, ,Es,30960.0
99,250,M,Es,7992.0
99,251, ,Es,118800.0
99,252, ,Es,4.07549e7
99,253, ,Es,1.76861e6
99,254, ,Es,2.38205e7
99,254,M,Es,141480.0
99,255, ,Es,3.43872e6
99,256, ,Es,1524.0
99,256,M,Es,27360.0
99,257, ,Es,665280.0
99,258, ,Es,180.0
100,242, ,Fm,0.0008
100,243, ,Fm,0.21
100,244, ,Fm,0.0033
100,245, ,Fm,4.2
100,246, ,Fm,1.1
100,247, ,Fm,35.0
100,248, ,Fm,36.0
100,249, ,Fm,156.0
100,250, ,Fm,1800.0
100,250,M,Fm,1.8
100,251, ,Fm,19080.0
100,252, ,Fm,91404.0
100,253, ,Fm,259200.0
100,254, ,Fm,11664.0
100,255, ,Fm,72252.0
100,256, ,Fm,9456.0
100,257, ,Fm,8.6832e6
100,258, ,Fm,0.00037
100,259, ,Fm,1.5
101,245, ,Md,0.0009
101,245,M,Md,0.4
101,246, ,Md,1.0
101,247, ,Md,0.27
101,247,M,Md,1.12
101,248, ,Md,7.0
101,249, ,Md,24.0
101,249,M,Md,1.9
101,250, ,Md,52.0
101,251, ,Md,240.00002
101,252, ,Md,138.0
101,253, ,Md,720.0
101,254, ,Md,600.0
101,254,M,Md,1680.0
101,255, ,Md,1620.0
101,256, ,Md,4620.0
101,257, ,Md,19872.0
101,258, ,Md,4.4496e6
101,258,M,Md,3420.0
101,259, ,Md,5760.0
101,260, ,Md,2.40192e6
101,261, ,Md,2400.0
102,249, ,No,5.6999997e-5
102,250, ,No,5.6999997e-6
102,251, ,No,0.76
102,251,M,No,1.7
102,252, ,No,2.44
102,253, ,No,97.200005
102,254, ,No,51.0
102,254,M,No,0.28
102,255, ,No,186.0
102,256, ,No,2.91
102,257, ,No,24.5
102,258, ,No,0.0012
102,259, ,No,3480.0
102,260, ,No,0.10599999
102,261, ,No,10800.0
102,262, ,No,0.005
103,251, ,Lr,0.00015
103,252, ,Lr,0.39000002
103,253, ,Lr,0.58000004
103,253,M,Lr,1.5
103,254, ,Lr,13.0
103,255, ,Lr,22.0
103,256, ,Lr,27.0
103,257, ,Lr,4.0
103,258, ,Lr,4.1
103,259, ,Lr,6.2
103,260, ,Lr,180.0
103,261, ,Lr,2340.0
103,262, ,Lr,14400.001
103,263, ,Lr,18000.0
104,253, ,Rf,0.012999999
104,254, ,Rf,2.2999999e-5
104,255, ,Rf,1.64
104,255,M,Rf,1.0
104,256, ,Rf,0.0064499998
104,257, ,Rf,4.7
104,257,M,Rf,3.9
104,258, ,Rf,0.012
104,259, ,Rf,2.8
104,260, ,Rf,0.021
104,261, ,Rf,5.5
104,261,M,Rf,81.0
104,262, ,Rf,2.3
104,262,M,Rf,0.047
104,263, ,Rf,660.0
104,264, ,Rf,3600.0
104,265, ,Rf,46800.0
105,255, ,Db,1.7
105,256, ,Db,1.9
105,257, ,Db,1.53
105,257,M,Db,0.79
105,258, ,Db,4.5
105,258,M,Db,20.0
105,259, ,Db,0.51
105,260, ,Db,1.52
105,261, ,Db,1.8
105,262, ,Db,35.0
105,263, ,Db,29.0
105,264, ,Db,180.0
105,265, ,Db,900.0
106,258, ,Sg,0.0033
106,259, ,Sg,0.58000004
106,260, ,Sg,0.0038
106,261, ,Sg,0.22999999
106,262, ,Sg,0.008
106,263, ,Sg,1.0
106,263,M,Sg,0.120000005
106,264, ,Sg,0.4
106,265, ,Sg,8.0
106,266, ,Sg,21.0
106,269, ,Sg,35.0
107,260, ,Bh,0.0003
107,261, ,Bh,0.012999999
107,262, ,Bh,0.29000002
107,262,M,Bh,0.0139999995
107,263, ,Bh,0.2
107,264, ,Bh,1.3
107,265, ,Bh,0.5
107,266, ,Bh,5.0
107,267, ,Bh,22.0
107,269, ,Bh,25.0
108,263, ,Hs,0.001
108,264, ,Hs,0.00054000004
108,265, ,Hs,0.0021
108,265,M,Hs,0.00078
108,266, ,Hs,0.0027
108,267, ,Hs,0.032
108,268, ,Hs,2.0
108,269, ,Hs,27.0
108,273, ,Hs,50.0
109,265, ,Mt,0.002
109,266, ,Mt,0.0012
109,266,M,Mt,0.006
109,267, ,Mt,0.01
109,268, ,Mt,0.053000003
109,269, ,Mt,0.2
109,270, ,Mt,2.0
109,271, ,Mt,5.0
109,273, ,Mt,20.0
110,267, ,Ds,1.0e-5
110,268, ,Ds,0.0001
110,269, ,Ds,0.00022999999
110,270, ,Ds,0.00016
110,270,M,Ds,0.01
110,271, ,Ds,0.21
110,271,M,Ds,0.0013
110,272, ,Ds,1.0
110,273, ,Ds,0.00035999998
110,273,M,Ds,0.120000005
111,272, ,Rg,0.002
